Janus绩效管理系统,参考库,包含,并且把它们作为一个参考库纳入Janus绩效管理系统之中。
J研究所员工薪酬,年终奖,包含,J研究所员工薪酬由工资、年终奖和福利三部分构成。
J研究所员工薪酬,福利,包含,J研究所员工薪酬由工资、年终奖和福利三部分构成。
NET数据搜集项目,评定量表,包含,向这些员工发放四份标准化问卷搜集数据；O*NET数据搜集项目中包含数百个评定量表
O*NET的内容模型,多的量表,包含,另一个质疑是O*NET的内容模型包含过多的量表
上述四大能力维度,具体的能力要素,包含,在上述四大能力维度下包括以下具体的能力要素。
不同的人力资源管理战略,薪酬战略,包含,Gerge T.Milkovich认为不同的人力资源管理战略（包括薪酬战略）要适应不同的企业战略
不定时工时制,弹性工作的员工,包含,北京和长沙的不定时工时制似乎包括了弹性工作的员工。
专业序列的通用能力,分析能力,包含,这个专业序列的通用能力包括沟通表达能力、逻辑分析能力、协调推进能力
专业序列的通用能力,推进能力,包含,这个专业序列的通用能力包括沟通表达能力、逻辑分析能力、协调推进能力
业务战略,产品领域内的竞争方式,包含,（2）业务战略（Business Strategy）：包括产业选择及在产品领域内的竞争方式选择
中国的养老保险基金,社会统筹基金,包含,中国的养老保险基金包括社会统筹基金与个人账户基金
中国的医疗保障体系,医疗保险,包含,这些制度安排与医疗保险共同构成了中国的医疗保障体系。
中国的退休养老制度,一般退休制度,包含,并与一般退休制度一起构成了中国的退休养老制度。
中国经理人,信息类,包含,该研究假设中国经理人所承担的角色可以划分为两大类：信息类和决策类
中国经理人,决策类,包含,该研究假设中国经理人所承担的角色可以划分为两大类：信息类和决策类
主持人的职责,整个TTA分析过程,包含,主持人的职责包括主持整个TTA分析过程
主要的竞争策略,差异化策略,包含,主要的竞争策略包括总成本领先策略、差异化策略和集中化经营策略。
主要的竞争策略,总成本领先策略,包含,主要的竞争策略包括总成本领先策略、差异化策略和集中化经营策略。
主要的竞争策略,集中化经营策略,包含,主要的竞争策略包括总成本领先策略、差异化策略和集中化经营策略。
主要责任主体,公司的高层管理者,包含,参与人力资源管理的主要责任主体包括：公司的高层管理者、直线管理人员、人力资源部和公司的每一位员工
主要责任主体,员工,包含,参与人力资源管理的主要责任主体包括：公司的高层管理者、直线管理人员、人力资源部和公司的每一位员工
事业部式结构的显著特点,组织产出,包含,事业部式结构的显著特点是基于组织产出的组合。
人事功能,评价指标,包含,那么评价指标就应该包括在人事功能外部取得的结果之中[11]。
人力资本,劳动者的知识存量,包含,人力资本中最重要的组成部分是劳动者的知识存量和技能存量
人力资本倾向,总体的员工满意度审计,包含,但人力资本倾向审计不仅包括总体的员工满意度审计
人力资本结构,成就动机等素质结构,包含,但人力资本结构还包括职位、部门等工作特征结构与影响力、成就动机等素质结构。
人力资本结构,职位,包含,但人力资本结构还包括职位、部门等工作特征结构与影响力、成就动机等素质结构。
人力资本结构,部门等工作特征结构,包含,但人力资本结构还包括职位、部门等工作特征结构与影响力、成就动机等素质结构。
人力资源,甄选过程,包含,人力资源获取的一般操作流程主要包括四个环节：定义需求、选择招募途径、实施甄选过程、试用考评。
人力资源内部规则,人力资源制度,包含,人力资源内部规则可以被定义为包括两个方面：人力资源制度和人力资源流程。
人力资源内部规则,人力资源流程,包含,人力资源内部规则可以被定义为包括两个方面：人力资源制度和人力资源流程。
人力资源审计,人力资源法律审计,包含,人力资源法律审计只是人力资源审计的组成部分之一
人力资源开发,培训,包含,人力资源开发包括培训与开发、职业开发与组织发展。
人力资源开发,培训以外的活动,包含,人力资源开发包括许多培训以外的活动
人力资源开发,职业开发,包含,人力资源开发包括培训与开发、职业开发与组织发展。
人力资源战略规划,人力资源数量规划,包含,人力资源战略规划包括三个方面：人力资源数量规划、人力资源结构规划、人力资源素质规划。
人力资源战略规划,人力资源素质规划,包含,人力资源战略规划包括三个方面：人力资源数量规划、人力资源结构规划、人力资源素质规划。
人力资源战略规划,人力资源结构规划,包含,人力资源战略规划包括三个方面：人力资源数量规划、人力资源结构规划、人力资源素质规划。
人力资源战略规划,支撑平台,包含,人力资源战略规划由两条主线和四个支撑平台构成。
人力资源管理,人事管理方案,包含,四是人力资源管理：包括人事管理方案、薪资报酬、福利措施、员工关系等。
人力资源管理,人员的招聘,包含,人力资源管理包括各种涉及所有类型人员的招聘、雇佣、培训、开发和报酬等各种活动。
人力资源管理,员工关系,包含,四是人力资源管理：包括人事管理方案、薪资报酬、福利措施、员工关系等。
人力资源管理,福利措施,包含,四是人力资源管理：包括人事管理方案、薪资报酬、福利措施、员工关系等。
人力资源管理,组织设计的成分,包含,人力资源管理内容中也就必然的包含了组织设计的成分
人力资源管理,薪资报酬,包含,四是人力资源管理：包括人事管理方案、薪资报酬、福利措施、员工关系等。
人力资源管理体系,培训,包含,人力资源管理体系主要包括招聘、培训、薪酬、绩效等多个模块。
人力资源管理体系,招聘,包含,人力资源管理体系主要包括招聘、培训、薪酬、绩效等多个模块。
人力资源管理体系,职位系统的研究,包含,因此对于职位系统的研究构成了人力资源管理体系的支柱之一。
人力资源管理体系,薪酬,包含,人力资源管理体系主要包括招聘、培训、薪酬、绩效等多个模块。
人力资源管理实践,报酬,包含,这些人力资源管理实践所包括的领域有：人员配备、开发、报酬、组织设计以及沟通等。
人力资源管理实践,组织设计,包含,这些人力资源管理实践所包括的领域有：人员配备、开发、报酬、组织设计以及沟通等。
人力资源管理框架,组织建设,包含,将组织建设纳入人力资源管理框架中
人力资源管理系统,绩效考核,包含,（2）绩效考核是人力资源管理系统的组成部分
人力资源规划,人员供给的预测,包含,通常人力资源规划包括三方面的工作：①对人员需求的预测；②对人员供给的预测
人力资源规划,人员需求的预测,包含,通常人力资源规划包括三方面的工作：①对人员需求的预测；②对人员供给的预测
人力资源规划,质量预测,包含,人力资源规划应同时包括数量预测和质量预测。
人员系统,动机,包含,人员系统应该包括很多方面:认知能力、动机、职业价值观与兴趣等。
人员系统,职业价值观,包含,人员系统应该包括很多方面:认知能力、动机、职业价值观与兴趣等。
人员系统,认知能力,包含,人员系统应该包括很多方面:认知能力、动机、职业价值观与兴趣等。
人员素质测评,测评指标,包含,测评目标与测评指标是构成人员素质测评标准的两个方面。
人格系统,动机,包含,人格系统包括动机和角色扮演技巧
人的外显行为,非语言行为,包含,人的外显行为包括语言行为与非语言行为
人的认知能力,推理能力,包含,人的认知能力包括三个维度：语言理解能力、数量能力和推理能力。
人的认知能力,数量能力,包含,人的认知能力包括三个维度：语言理解能力、数量能力和推理能力。
价值观,内容属性,包含,价值观包括内容属性和强度属性。
价值观,强度属性,包含,价值观包括内容属性和强度属性。
任务描述,任务主体,包含,任务描述应包括以下内容：(1)任务主体
任职资格,重要的报酬要素,包含,任职资格包含着大量重要的报酬要素
企业人力资源管理,培训,包含,企业人力资源管理实践包括招聘、培训、工作设计、考核、薪酬等一系列活动
企业人力资源管理,工作设计,包含,企业人力资源管理实践包括招聘、培训、工作设计、考核、薪酬等一系列活动
企业人力资源管理,招聘,包含,企业人力资源管理实践包括招聘、培训、工作设计、考核、薪酬等一系列活动
企业人力资源管理,薪酬等一系列活动,包含,企业人力资源管理实践包括招聘、培训、工作设计、考核、薪酬等一系列活动
企业价值,货币资本等同的要素,包含,其根本理念是经营层将人力资本作为一种与货币资本等同的要素纳入企业价值的范畴
企业内部资源,无形资源,包含,但内部资源的配置和利用则是最基本、最主要的；企业内部资源的蓄积包括有形资源和无形资源
企业内部资源,有形资源,包含,但内部资源的配置和利用则是最基本、最主要的；企业内部资源的蓄积包括有形资源和无形资源
企业发展,员工福利成本问题,包含,员工福利成本问题就构成了企业发展中的一个必须正视的问题
企业培训,培训效果,包含,企业培训开发活动通常包括培训需求分析、培训计划制定、培训活动组织实施以及培训效果评估四个环节。
企业培训,培训活动组织,包含,企业培训开发活动通常包括培训需求分析、培训计划制定、培训活动组织实施以及培训效果评估四个环节。
企业培训,培训计划,包含,企业培训开发活动通常包括培训需求分析、培训计划制定、培训活动组织实施以及培训效果评估四个环节。
企业培训,培训需求分析,包含,企业培训开发活动通常包括培训需求分析、培训计划制定、培训活动组织实施以及培训效果评估四个环节。
企业层次的培训,企业文化培训,包含,1.企业层次的培训：包括新员工进入角色培训和企业文化培训两个层次
企业年金,退休保险,包含,企业年金包括各种类型的企业补充退休保险
企业战略规划,人力资源规划,包含,将人力资源规划纳入企业战略规划是绝对必要的。
企业文化,企业行为方式等多方面,包含,企业文化包括企业规章制度、企业思想作风、企业价值观念、企业行为方式等多方面
企业文化,企业规章制度,包含,企业文化包括企业规章制度、企业思想作风、企业价值观念、企业行为方式等多方面
企业的平衡计分卡,投资回报率,包含,一个企业的平衡计分卡可以包括以下指标：利润、营业额、销售额、现金流、投资回报率
企业的核心竞争力,人力资本,包含,即人力资本、社会资本和组织资本等以知识为基础的资本架构组成了企业的核心竞争力
企业的核心竞争力,社会资本,包含,即人力资本、社会资本和组织资本等以知识为基础的资本架构组成了企业的核心竞争力
企业的核心竞争力,资本架构,包含,即人力资本、社会资本和组织资本等以知识为基础的资本架构组成了企业的核心竞争力
企业的社会责任,经济责任,包含,该理论认为企业的社会责任不仅包括经济责任
企业的组织模式,业务运作模式,包含,一个企业的组织模式主要包括企业的组织结构、业务运作流程、业务运作模式
企业的组织模式,业务运作流程,包含,一个企业的组织模式主要包括企业的组织结构、业务运作流程、业务运作模式
企业的组织模式,企业的组织结构,包含,一个企业的组织模式主要包括企业的组织结构、业务运作流程、业务运作模式
企业的经济环境,社会经济结构,包含,企业的经济环境主要由社会经济结构、经济发展水平、经济体制和宏观经济政策等四个要素构成。
企业的经济环境,经济发展水平,包含,企业的经济环境主要由社会经济结构、经济发展水平、经济体制和宏观经济政策等四个要素构成。
企业的绩效考核指标,企业层面,包含,企业的绩效考核指标也包含三个层面：企业层面、部门层面和职位层面。
企业的绩效考核指标,职位层面,包含,企业的绩效考核指标也包含三个层面：企业层面、部门层面和职位层面。
企业的绩效考核指标,部门层面,包含,企业的绩效考核指标也包含三个层面：企业层面、部门层面和职位层面。
企业社会责任的研究,企业社会责任概念,包含,企业社会责任的研究主要包括两部分[20]:一部分专注于企业社会责任概念的界定和完善
企业责任,经济责任,包含,企业责任包括经济责任、法律责任、道德责任和自愿决定（慈善)责任企业责任,道德责任,包含,企业责任包括经济责任、法律责任、道德责任和自愿决定（慈善)责任
传统的职业生涯方式,专家型的职业生涯方式,包含,当然传统的职业生涯方式还包括专家型的职业生涯方式
传记式项目检核记录表,价值观,包含,传记式项目检核记录表一般包括工作情况、嗜好、健康、社会关系、态度、兴趣、价值观、自我印象等项目。
供应能力,积蓄资源的能力,包含,企业资源供应能力包括从外部获取资源的能力和从内部积蓄资源的能力。
供应能力,获取资源的能力,包含,企业资源供应能力包括从外部获取资源的能力和从内部积蓄资源的能力。
保健因素,产品质量,包含,保健因素包括：产品质量、技术含量、成本与价格等
保障制度的财政基础,中央政府的责任,包含,即传统军人保障制度的财政基础不仅包括了中央政府的责任
保障行政管理的内容,具体的社会保障政策,包含,社会保障行政管理的内容包括依法制定更为具体的社会保障政策及运行规范
信息搜集,SMEs会议法,包含,此外信息搜集的方法主要包括访谈法、问卷调查法、SMEs会议法等。
信息搜集,访谈法,包含,此外信息搜集的方法主要包括访谈法、问卷调查法、SMEs会议法等。
信息搜集,问卷调查法,包含,此外信息搜集的方法主要包括访谈法、问卷调查法、SMEs会议法等。
信息来源,人力资源储备,包含,这些信息来源包括：组织目标信息、人力资源储备信息、技能储备信息、组织氛围指数等。
信息来源,技能储备信息,包含,这些信息来源包括：组织目标信息、人力资源储备信息、技能储备信息、组织氛围指数等。
信息来源,组织氛围指数,包含,这些信息来源包括：组织目标信息、人力资源储备信息、技能储备信息、组织氛围指数等。
信息来源,组织目标,包含,这些信息来源包括：组织目标信息、人力资源储备信息、技能储备信息、组织氛围指数等。
儿童福利保障,抚养未成年子女家庭,包含,妇女、儿童福利保障涉及的内容就包括：抚养未成年子女家庭援助
公司原先的福利计划,带薪休假,包含,某家公司原先的福利计划包括房租津贴、交通补助费、意外险、带薪休假等典型的战略地图,平衡计分卡,包含,典型的战略地图包含20～30个相互关联的平衡计分卡指标
典型的职能范围,企业文化,包含,其典型的职能范围包括劳动关系管理、员工沟通、员工活动、激励、企业文化和员工关怀等。
典型的职能范围,劳动关系管理,包含,其典型的职能范围包括劳动关系管理、员工沟通、员工活动、激励、企业文化和员工关怀等。
典型的职能范围,员工关怀,包含,其典型的职能范围包括劳动关系管理、员工沟通、员工活动、激励、企业文化和员工关怀等。
典型的职能范围,员工活动,包含,其典型的职能范围包括劳动关系管理、员工沟通、员工活动、激励、企业文化和员工关怀等。
典型的评价中心,无领导小组讨论,包含,典型的评价中心包括以下模拟练习：无领导小组讨论
军人伤亡保险,军人伤残保险,包含,军人伤亡保险实际上包括军人死亡保险与军人伤残保险两项内容。
军人保障,稳定社会,包含,而军人保障的目标则包括着稳定军心和稳定社会的双重目标
决策类,企业家,包含,信息类包括发言人、联系人和监控者；决策类包括领导者、企业家、分配者。
决策类,分配者,包含,信息类包括发言人、联系人和监控者；决策类包括领导者、企业家、分配者。
分析对象,人力资源部门,包含,分析对象包括组织高层管理者、人力资源部门、各级管理人员、其他人员等。
分析对象,高层管理者,包含,分析对象包括组织高层管理者、人力资源部门、各级管理人员、其他人员等。
分析问卷,情景因素,包含,职务分析问卷包括以工作的背景或情景因素为特征的工作要素
分类标准,不同类型的人口年龄,包含,表3-1　不同类型的人口年龄构成分类标准创新小组的成员,营销人员,包含,一个创新小组的成员至少要包括技术人员、生产制造人员、营销人员、业务人员或财务人员
劳务关系,实际用工单位,包含,派遣员工与实际用工单位则构成劳务关系。
劳动力市场理事会,工会联盟,包含,由工会联盟和雇主联合会的代表组成“劳动力市场理事会”
劳动力流动,职业流动,包含,劳动力流动主要包括职业流动、行业流动和地域流动三种形式
劳动合同,劳动关系,包含,可以像劳动合同一样包含劳动关系的各个方面
劳动合同,试用期,包含,劳动合同中包含试用期的内容。
劳动标准,劳动条件,包含,劳动标准具体包括工作时间、最低工资、劳动条件、女职工和未成年工保护等各项国家劳动标准。
劳动标准,国家劳动标准,包含,劳动标准具体包括工作时间、最低工资、劳动条件、女职工和未成年工保护等各项国家劳动标准。
劳动标准,工作时间,包含,劳动标准具体包括工作时间、最低工资、劳动条件、女职工和未成年工保护等各项国家劳动标准。
医疗保险体系,农业劳动者,包含,农村居民、农业劳动者一般是最后纳入医疗保险体系。
医疗保障体系,劳保医疗,包含,由公费医疗、劳保医疗、合作医疗构成的中国医疗保障体系
参与人力资源开发的人员,员工,包含,组织中参与人力资源开发的人员主要包括：最高领导层、人力资源部、其他职能部门和员工。
双环学习,组织规范下的探索,包含,双环学习不仅包括在已有组织规范下的探索
变量,生产效率,包含,在这一层次上的典型指标或变量包括：销售额、生产效率、增长率、利润率、职工满意度、用户满意度。
变量,相关的人口统计变量,包含,协变量包括年龄、性别、学历以及其他与研究相关的人口统计变量。
变量,社会阶级,包含,这类变量包括社会阶级、保守态度、疏离感、学历等
各国社会保障,面向贫困人口的社会救助,包含,面向贫困人口的社会救助构成了各国社会保障制度的基石等等。
员工为中心的结果,员工的能力,包含,①人力资源管理实践——以员工为中心的结果；以员工为中心的结果包括员工的能力、动机和态度
员工薪酬,福利,包含,刘昕在其所著的《薪酬管理》一书中认为福利是员工薪酬中的重要组成部分
周边绩效,意志动机等因素,包含,又存在任务绩效和周边绩效之分；任务绩效是指工作的直接结果；周边绩效则包括人际、意志动机等因素
品德结构,思想动机,包含,对于品德结构我们认为任何个体的品德均由外层行为表现与内部思想动机构成。
品德行为测评法则,测评标准,包含,就是通过品德行为测评法则（包括测评标准与方法）
国家的养老保险,劳动者,包含,如瑞典就是普遍保障模式；有些国家的养老保险只包括劳动者
国家的社会救助制度,医疗补助,包含,有的国家的社会救助制度不仅包括了生活补助、医疗补助、灾害救济等
国家财政,待遇支付,包含,在将社会保险费（税）及待遇支付直接纳入国家财政范畴的条件下
国家财政,社会保险费,包含,在将社会保险费（税）及待遇支付直接纳入国家财政范畴的条件下
培训,能力培训,包含,部门层次的培训：包括业务技术能力培训和岗位培训两部分
培训与开发活动,员工的业务培训,包含,当今许多组织的培训与开发活动主要包括三种：新员工的入职培训、管理技能开发以及对员工的业务培训。
培训与开发活动,技能开发,包含,当今许多组织的培训与开发活动主要包括三种：新员工的入职培训、管理技能开发以及对员工的业务培训。
培训与开发活动,新员工的入职培训,包含,当今许多组织的培训与开发活动主要包括三种：新员工的入职培训、管理技能开发以及对员工的业务培训。
培训专题,公共服务中的领导艺术,包含,培训专题主要包括：工作团队开发、公共服务中的领导艺术、高级行政人员相关能力
培训专题,高级行政人员相关能力,包含,培训专题主要包括：工作团队开发、公共服务中的领导艺术、高级行政人员相关能力
培训内容,基本的工作规范,包含,培训内容包括IBM的历史背景、规章制度、技术和产品以及基本的工作规范和工作技巧。
培训内容,工作技巧,包含,培训内容包括IBM的历史背景、规章制度、技术和产品以及基本的工作规范和工作技巧。
培训内容,市场销售,包含,三天的培训内容包括签订合同、制订经营计划、购买材料、组织生产、市场销售和财务等等。
培训内容,经营计划,包含,三天的培训内容包括签订合同、制订经营计划、购买材料、组织生产、市场销售和财务等等。
培训的内容,工作时间,包含,培训的内容应包括公司的保障制度、政策、安全法规、工作时间、薪酬和考核制度等激励机制和压力机制
培训的内容,技能培训,包含,培训的内容包括方法、技能培训
培训的内容,薪酬,包含,培训的内容应包括公司的保障制度、政策、安全法规、工作时间、薪酬和考核制度等激励机制和压力机制
培训的成本,培训部门的管理费,包含,培训的成本包括培训人员和受训员的薪酬、培训部门的管理费和一般管理费等。
培训的成本,直接成本,包含,培训的成本主要包括直接成本和机会成本。
培训的效益,培训的社会效益,包含,培训的效益包括培训工作给企业带来的经济效益和培训的社会效益。
培训课程,人力成本管理,包含,培训课程包括品质管理、产品品质评估、服务沟通、有效管理时间、领导风格、人力成本管理和团队精神等。
培训课程,品质管理,包含,培训课程包括品质管理、产品品质评估、服务沟通、有效管理时间、领导风格、人力成本管理和团队精神等。
培训课程,领导风格,包含,培训课程包括品质管理、产品品质评估、服务沟通、有效管理时间、领导风格、人力成本管理和团队精神等。
培训课酬,福利,包含,培训课酬由培训期间支付给受训者的工资和福利构成。
培训项目,伦理道德方面的内容,包含,使员工最小限度地接触到腐败行为；·确保培训项目中包含伦理道德方面的内容
基于人的薪酬制度,年功序列制,包含,基于人的薪酬制度包括年功序列制、技术等级工资制等。
基于人的薪酬制度,技术等级工资制,包含,基于人的薪酬制度包括年功序列制、技术等级工资制等。
基本养老保险范围,城镇个体工商户,包含,将自由职业人员、城镇个体工商户纳入基本养老保险范围。
基本医疗保险支付范围,基本医疗服务项目,包含,其中基本医疗服务项目可以纳入基本医疗保险支付范围。
基本技能培训,沟通能力,包含,基本技能培训内容包括沟通能力、创造性和解决问题的能力以及基本知识等几方面。
基本技能培训,解决问题的能力,包含,基本技能培训内容包括沟通能力、创造性和解决问题的能力以及基本知识等几方面。
基本职业素质内容,沟通技巧,包含,基本职业素质内容包括沟通技巧、计算机操作能力、英文水平及发展潜力等。
基本职业素质内容,计算机操作能力,包含,基本职业素质内容包括沟通技巧、计算机操作能力、英文水平及发展潜力等。
基本薪酬,年资薪酬,包含,并存型职务薪酬制是一种把基本薪酬分解成职务薪酬和年资薪酬的薪酬制度。
基本薪酬,职务薪酬,包含,并存型职务薪酬制是一种把基本薪酬分解成职务薪酬和年资薪酬的薪酬制度。
基础技能,写作等文字能力,包含,基础技能主要包括阅读、写作等文字能力和认知能力。
基础技能,认知能力,包含,基础技能主要包括阅读、写作等文字能力和认知能力。
外在的环境限制条件,经济问题,包含,外在的环境限制条件包括组织面对的法律、社会、政治、经济问题。
外在薪酬,货币奖励,包含,外在薪酬则包括货币奖励和非货币奖励；这种对薪酬的定义
外在薪酬,非货币奖励,包含,外在薪酬则包括货币奖励和非货币奖励；这种对薪酬的定义
外部招聘,校园招聘,包含,外部招聘包括社会招聘和校园招聘。
外部招聘,社会招聘,包含,外部招聘包括社会招聘和校园招聘。
外部特征,组织名称,包含,组织外部特征包括组织名称、标志、标准字、组织专用印刷书体、标准色彩、组织标语口号等。
多元工作设计问卷,知觉运动型,包含,多元工作设计问卷包括四个类型的内容：动机型、机械型、生理型、知觉运动型
失业保险基金,失业保险待遇,包含,失业保险待遇是失业保险基金的重点支出项目
失业保险基金,失业保险的管理费用,包含,失业保险的管理费用也构成失业保险基金的又一个使用方向。
失业保险基金支出,失业保险待遇,包含,给付失业保险待遇构成失业保险基金支出的最大部分。
失业保险待遇,失业保险金,包含,失业保险待遇一般包括失业保险金、失业补助和附加补助金
奖励,奖金,包含,并对参与的员工进行奖励(包括表彰、晋升以及奖金)。
奖励计划,短期激励计划,包含,奖励计划也包括了长期激励计划和短期激励计划。
奖励计划,长期激励计划,包含,奖励计划也包括了长期激励计划和短期激励计划。
完整的绩效指标,构成要素,包含,一个完整的绩效指标与其标准一般包括四个构成要素
定性方法,分类法,包含,定性方法包括职位分级法和分类法
定性方法,职位分级法,包含,定性方法包括职位分级法和分类法
定量方法,因素比较法,包含,而不考虑具体的职位特征；定量方法包括要素计点法和因素比较法
定量方法,要素计点法,包含,而不考虑具体的职位特征；定量方法包括要素计点法和因素比较法
实现的薪酬总额,执行股票期权的收入,包含,世界500强企业的 CEO实现的薪酬总额（包括执行股票期权的收入）差不多达到了原来的四倍。
导向评估法,目标管理法,包含,结果导向评估法主要包括：以个人绩效合约为基础的绩效考核、产量衡量法和目标管理法。
将测评要素,测评指标,包含,将测评要素层层分解成测评目标、测评项目、测评指标
将测评要素,测评目标,包含,将测评要素层层分解成测评目标、测评项目、测评指标
将测评要素,测评项目,包含,将测评要素层层分解成测评目标、测评项目、测评指标
小的工作行为,大的工作行为,包含,表示工作行为越简易；等级数值小的工作行为一般包含等级数值大的工作行为
小组成员,专业工作分析人员,包含,这些小组成员可以包括：专业工作分析人员、任职人员
小组成员,任职人员,包含,这些小组成员可以包括：专业工作分析人员、任职人员
岗位序列,具体的岗位,包含,每个岗位序列包含诸多具体的岗位
工会合同的框架,人员的基本工资,包含,大部分人员的基本工资被纳入工会合同的框架。
工伤保险基金,工伤保险基金的其他资金,包含,工伤保险基金由用人单位缴纳的工伤保险费、工伤保险基金的利息和依法纳入工伤保险基金的其他资金构成。
工伤保险基金,工伤保险基金的利息,包含,工伤保险基金由用人单位缴纳的工伤保险费、工伤保险基金的利息和依法纳入工伤保险基金的其他资金构成。
工伤保险基金,缴纳的工伤保险费,包含,工伤保险基金由用人单位缴纳的工伤保险费、工伤保险基金的利息和依法纳入工伤保险基金的其他资金构成。
工作任务,组成部分,包含,米勒（Miller）将工作任务都分解成了三个组成部分。
工作小组,高层经理人员,包含,共同设计职业管理系统；这个工作小组包括高层经理人员（得到了人力资源部门的大力支持）；另外
工作权限,人事权限,包含,工作权限一般包括三个部分：人事权限、财务权限和重大的业务权限
工作权限,财务权限,包含,工作权限一般包括三个部分：人事权限、财务权限和重大的业务权限
工作权限,重大的业务权限,包含,工作权限一般包括三个部分：人事权限、财务权限和重大的业务权限
工作环境的信息,工作时间表,包含,工作环境的信息包括工作的物理环境(如高温、嘈杂、严寒等)、工作时间表以及组织和社会的环境
工作环境的信息,工作的物理环境,包含,工作环境的信息包括工作的物理环境(如高温、嘈杂、严寒等)、工作时间表以及组织和社会的环境
工作的权限,决策的权限,包含,⑥工作的权限：包括决策的权限、对其他人实施监督的权限以及经费预算的权限等；
工作的权限,实施监督的权限,包含,⑥工作的权限：包括决策的权限、对其他人实施监督的权限以及经费预算的权限等；
工作的权限,经费预算的权限,包含,⑥工作的权限：包括决策的权限、对其他人实施监督的权限以及经费预算的权限等；
工作系统,工作组织,包含,工作系统包括工作者、工作组织和工作本身。
工作绩效要素,人的工作数量,包含,工作绩效要素主要包括一个人的工作数量、工作质量、工作效率、工作成果、群众威信、人才培养等要素。
工作绩效要素,工作成果,包含,工作绩效要素主要包括一个人的工作数量、工作质量、工作效率、工作成果、群众威信、人才培养等要素。
工作绩效要素,工作质量,包含,工作绩效要素主要包括一个人的工作数量、工作质量、工作效率、工作成果、群众威信、人才培养等要素。
工作职位概要,工作任务,包含,工作职位概要一般包括：职位名称、工作任务和工作条件。
工作职位概要,工作条件,包含,工作职位概要一般包括：职位名称、工作任务和工作条件。
工作职位概要,职位名称,包含,工作职位概要一般包括：职位名称、工作任务和工作条件。
工作识别项目,识别标志,包含,工作识别项目还包括其他的识别标志
工作说明书,任务的说明,包含,工作说明书通常既包含了对任务的说明
市场,总体计划,包含,组织年度总体计划中各组成部分(生产、市场、人力资源、财务、研发等)是完全兼容的
常见的报酬因素,努力程度,包含,常见的报酬因素包括技能、责任、工作条件和努力程度等
常见的报酬因素,工作条件,包含,常见的报酬因素包括技能、责任、工作条件和努力程度等
常见的报酬因素,责任,包含,常见的报酬因素包括技能、责任、工作条件和努力程度等
常见的职位评价技术,因素比较法,包含,组织最常见的职位评价技术包括以下四种：强制排序法、职位分类法、点值要素法和因素比较法。
常见的职位评价技术,强制排序法,包含,组织最常见的职位评价技术包括以下四种：强制排序法、职位分类法、点值要素法和因素比较法。
常见的职位评价技术,点值要素法,包含,组织最常见的职位评价技术包括以下四种：强制排序法、职位分类法、点值要素法和因素比较法。
常见的职位评价技术,职位分类法,包含,组织最常见的职位评价技术包括以下四种：强制排序法、职位分类法、点值要素法和因素比较法。
序列的专业胜任能力,产品知识技术能力,包含,该序列的专业胜任能力则包括市场信息分析能力、产品知识技术能力、客户关系管理能力、销售业务管理能力等
序列的专业胜任能力,管理能力,包含,该序列的专业胜任能力则包括市场信息分析能力、产品知识技术能力、客户关系管理能力、销售业务管理能力等
建立职工名册的对象,建立劳动关系的劳动者,包含,建立职工名册的对象包括与用人单位建立劳动关系的劳动者
开发分层分类的人力资源管理系统,培训,包含,开发分层分类的人力资源管理系统(具体包括招聘、培训、工作设计、报酬和绩效评价等人力资源管理实践)
开发分层分类的人力资源管理系统,工作设计,包含,开发分层分类的人力资源管理系统(具体包括招聘、培训、工作设计、报酬和绩效评价等人力资源管理实践)
开发分层分类的人力资源管理系统,报酬,包含,开发分层分类的人力资源管理系统(具体包括招聘、培训、工作设计、报酬和绩效评价等人力资源管理实践)
开发分层分类的人力资源管理系统,招聘,包含,开发分层分类的人力资源管理系统(具体包括招聘、培训、工作设计、报酬和绩效评价等人力资源管理实践)
影响劳动需求的因素,经济增长,包含,影响劳动需求的因素主要包括经济增长、经济转型、资本有机构成和产业结构等。
影响因素,人格,包含,其影响因素包括态度、价值观、动机、兴趣、人格等多方面的心理特质(统称为个性)
影响因素,价值观,包含,其影响因素包括态度、价值观、动机、兴趣、人格等多方面的心理特质(统称为个性)
影响因素,动机,包含,其影响因素包括态度、价值观、动机、兴趣、人格等多方面的心理特质(统称为个性)
思考能力,决策的能力,包含,在思考能力中包括资源管理能力和解决问题以及决策的能力。
思考能力,决策能力,包含,思考能力包括资源管理能力以及问题解决与决策能力。
思考能力,管理能力,包含,在思考能力中包括资源管理能力和解决问题以及决策的能力。
总报酬模型,个人发展,包含,总报酬模型包括薪酬、福利、平衡工作与生活、绩效与认可、个人发展与职业机会等五个部分。
总报酬模型,福利,包含,总报酬模型包括薪酬、福利、平衡工作与生活、绩效与认可、个人发展与职业机会等五个部分。
总报酬模型,薪酬,包含,总报酬模型包括薪酬、福利、平衡工作与生活、绩效与认可、个人发展与职业机会等五个部分。
总的劳动力,失业者,包含,总的劳动力包括在业者和失业者。
战略,内部管理优化,包含,战略是内部管理优化和外部竞争策略的组合。
战略,外部竞争策略,包含,战略是内部管理优化和外部竞争策略的组合。
战略,市场范围,包含,战略应当包括四个基本的构成要素：（1）产品与市场范围
战略,竞争优势,包含,认为战略的构成要素包括产品与市场范围、增长向量、协同效应和竞争优势。
战略学习,战略强化型学习,包含,战略学习包括战略强化型学习和战略更新型学习。
战略学习,战略更新型学习,包含,战略学习包括战略强化型学习和战略更新型学习。
战略规划,人力资源规划,包含,经理层对于将人力资源规划纳入战略规划过程重要性的认识日益增强。
所有人格因素的基础,人格维度,包含,有五项人格维度构成了所有人格因素的基础
所有培训,团队功能的感受,包含,且所有培训都包括对团队功能的感受、知觉、信念的检验与讨论
所有的员工,强的员工,包含,组织对病假提供慷慨的福利待遇实际上就是在鼓励所有的员工(包括那些满意感很强的员工)去休病假。
技术等级薪酬制,技术等级标准,包含,技术等级薪酬制通常由薪酬标准、薪酬等级表和技术等级标准构成。
技术等级薪酬制,薪酬标准,包含,技术等级薪酬制通常由薪酬标准、薪酬等级表和技术等级标准构成。
技术等级薪酬制,薪酬等级表,包含,技术等级薪酬制通常由薪酬标准、薪酬等级表和技术等级标准构成。
技能培训,技能方面的培训,包含,技能培训包括组织、领导、管理及个人技能方面的培训。
技能清单,所有的员工,包含,其技能清单中要包括所有的员工；而对于那些组织人员流动频率不高
投资报酬率,销售利润率,包含,杜邦公司说明了如何将投资报酬率分解成净销售利润率和资产周转率这两个重要的财务指标
招聘流程,招聘的准备阶段,包含,招聘流程包括招聘的准备阶段、实施阶段和评估阶段三个阶段；狭义上来看
招聘流程,评估阶段,包含,招聘流程包括招聘的准备阶段、实施阶段和评估阶段三个阶段；狭义上来看
招聘过程,招聘工作的评估,包含,而实际上对招聘工作的评估和反馈是招聘过程的一个重要的组成部分。
指标体系,绩效指标,包含,指标体系包括了绩效指标和与之相对应的标准。
提供的社会救助,实物援助,包含,国家或社会提供的社会救助包括现金援助、实物援助、服务援助等
提到的工作关系,职位在组织中的位置,包含,职位描述中所提到的工作关系主要包括两部分：一部分是该职位在组织中的位置
操作能力测试,工作样本测试,包含,操作能力测试主要包括工作样本测试和工作模拟测试
支援功能,人力资源,包含,支援功能通常包括财务、人力资源、营销与服务等部门的活动。
政治因素,国的政治环境,包含,影响企业员工配置活动的政治因素主要包括一国的政治环境、政府的管理方式以及政府的方针政策等。
政治因素,政府的管理方式,包含,影响企业员工配置活动的政治因素主要包括一国的政治环境、政府的管理方式以及政府的方针政策等。
整个人事测评工作,心理测验,包含,心理测验是整个人事测评工作的组成部分之一。
整个工作分析的过程,信息分析,包含,整个工作分析的过程包括计划、设计、信息分析、结果表述与指导运用五个环节。
整个社会保险制度,工伤保险,包含,（3）工伤保险包括在整个社会保险制度之中。
文化建设,制度建设,包含,必须把制度建设纳入组织文化建设的范围之内
文化模式,价值系统,包含,由此价值系统所构成的文化模式；在态度、评价及情绪倾向等上面所表现出来的精神品质
文化系统,复杂的价值观,包含,文化系统包含了复杂的价值观、信仰、符号和其他观念
文化维度,信念系统,包含,以及决策与参与模式；文化维度包括规范、信念系统、价值、认知结构、对人生意义的看法等[33]。
新的《企业文化手册》,企业文化纲领,包含,新的《企业文化手册》中包含了《企业文化纲领》、《员工日常行为规范》等内容。
无形资源,人力资源,包含,无形资源包括人力资源、品牌和文化资源等。
无形资源,文化资源,包含,无形资源包括人力资源、品牌和文化资源等。
最初的救济活动,宗教慈善事业,包含,最初的救济活动包括宗教慈善事业、官办慈善事业及民间慈善事业（见本书第二章）
最初的救济活动,官办慈善事业,包含,最初的救济活动包括宗教慈善事业、官办慈善事业及民间慈善事业（见本书第二章）
最初的救济活动,民间慈善事业,包含,最初的救济活动包括宗教慈善事业、官办慈善事业及民间慈善事业（见本书第二章）
有形资源,生产设备,包含,有形资源包括财务资本、生产设备等
有形资源,财务资本,包含,有形资源包括财务资本、生产设备等
有效的培训制度,市场,包含,惠普早已形成一套有效的培训制度（包括专业、技术、市场、管理等诸多方面
有效的领导能力,团队领导,包含,有效的领导能力包括建立信任、团队领导以及关注工作质量与秩序等。
有效领导能力,方面的素质要素,包含,有效领导能力包括以下几个方面的素质要素：
构建职位的任职资格,推导方法,包含,构建职位的任职资格主要有以下五种途径：·以工作为导向的推导方法
标杆管理,教育制度,包含,标杆管理的内容包括教育制度、海关通关、科研制度、企业创立手续等。
核心的衡量指标,客户满意度,包含,核心的衡量指标包括市场份额、老客户同类率、新客户获得率、客户满意度和从客户处所获得的利润率。
核心竞争力,对外影响能力,包含,核心竞争力主要包括核心技术能力、组织协调能力、对外影响能力和应变能力
核心竞争力,核心技术能力,包含,核心竞争力主要包括核心技术能力、组织协调能力、对外影响能力和应变能力
核心竞争力,组织协调能力,包含,核心竞争力主要包括核心技术能力、组织协调能力、对外影响能力和应变能力
核心能力,一线执行能力,包含,核心能力由洞察预见能力和一线执行能力构成。
核心能力,具体的能力要素,包含,在每一项核心能力中又包括诸多具体的能力要素。
核心能力,洞察预见能力,包含,核心能力由洞察预见能力和一线执行能力构成。
核心要素,胜任力,包含,图5-4展现了胜任力构成的几个核心要素
框架设计的重点,组成部分,包含,如果说框架设计的重点在于把整个企业的经营管理活动分解成各个组成部分
沟通内容,公司战略,包含,沟通内容包括公司战略、裁员原因介绍、裁员标准和裁员过程说明等。
沟通方式,员工会议,包含,沟通方式包括员工会议、通知、信函和内部刊物等。
沟通方案,正式沟通会议的开发,包含,任何沟通方案中最重要的组成部分是正式沟通会议的开发和实施。
法定福利,住房公积金,包含,法定福利主要包括养老保险、失业保险、医疗保险、工伤保险、生育保险五大险种以及住房公积金
法定福利,养老保险,包含,法定福利主要包括养老保险、失业保险、医疗保险、工伤保险、生育保险五大险种以及住房公积金
法定福利,医疗保险,包含,法定福利主要包括养老保险、失业保险、医疗保险、工伤保险、生育保险五大险种以及住房公积金
法定福利,失业保险,包含,法定福利主要包括养老保险、失业保险、医疗保险、工伤保险、生育保险五大险种以及住房公积金
法定福利,工伤保险,包含,法定福利主要包括养老保险、失业保险、医疗保险、工伤保险、生育保险五大险种以及住房公积金
法定福利,生育保险五大险种,包含,法定福利主要包括养老保险、失业保险、医疗保险、工伤保险、生育保险五大险种以及住房公积金
流程管理,人力资源管理,包含,流程管理包括两个方面：一是人力资源管理的流程化
测评与选拔标准体系,测评内容,包含,测评内容、测评目标与测评指标共同构成了测评与选拔标准体系的纵向结构。
测评与选拔标准体系,测评指标,包含,测评内容、测评目标与测评指标共同构成了测评与选拔标准体系的纵向结构。
测评手段,情境模拟,包含,测评手段包括纸笔测验、结构化面试、文件框、情境模拟等等。
测评手段,纸笔测验,包含,测评手段包括纸笔测验、结构化面试、文件框、情境模拟等等。
测评手段,结构化面试,包含,测评手段包括纸笔测验、结构化面试、文件框、情境模拟等等。
测试系统,人格,包含,该测试系统包括人格、心理运动以及诸如航空知识、操作等能力因素的测量与评价
测试系统,操作等能力因素的测量,包含,该测试系统包括人格、心理运动以及诸如航空知识、操作等能力因素的测量与评价
海尔的企业理念,企业哲学,包含,研究者发现海尔的企业理念鲜明地包含了企业哲学、企业宗旨以及核心价值观等组成部分
海尔的企业理念,核心价值观,包含,研究者发现海尔的企业理念鲜明地包含了企业哲学、企业宗旨以及核心价值观等组成部分
激励计划,组织的激励计划,包含,激励计划包括了个人、团队和组织的激励计划（如前文图4-1“奖金的内容结构”所示）。
特定的职位等级,工作职位,包含,某一特定的职位等级中所包含的各种工作职位应遵循这样的原则：它们的工作任务、义务和责任大体相当
特殊人员,劳动者,包含,这些特殊人员包括从事接触职业病危害作业的劳动者未进行离岗前职业健康检查
特殊贡献奖赏计划,“心中的英雄”奖励计划,包含,这些特殊贡献奖赏计划包括“心中的英雄”奖励计划、总裁奖和“成功精神奖”。
独立的法律部门,社会保障法律,包含,社会保障法律构成为一个独立的法律部门
狭义的老年人福利,现金资助,包含,狭义的老年人福利主要包括两大部分：一是现金资助
现代社会保障体系的主体,社会保险,包含,社会保险事实上构成了现代社会保障体系的主体和核心。
现代经营观念,为中心的人力资源观念,包含,现代经营观念包括市场观念、创新观念、以“人”为中心的人力资源观念等。
现代经营观念,市场观念,包含,现代经营观念包括市场观念、创新观念、以“人”为中心的人力资源观念等。
现行社会保障制度,儿童补贴,包含,日本现行社会保障制度的基本内容包括：面向一般国民的环境政策、公共卫生政策、儿童补贴
现金津贴,薪酬,包含,现金薪酬的主要构成为基本工资、固定奖金、浮动薪酬以及现金津贴。
现阶段社会保障制度,非正式制度安排,包含,正式制度安排与非正式制度安排的结合正日益构成现阶段社会保障制度建设的新特色
生活方式,思维方式,包含,生活方式包括行为方式和思维方式
生活方式,思考方式,包含,生活方式包括行为方式和思考方式
生活方式,行为方式,包含,生活方式包括行为方式和思维方式
电子求职信,应聘的职位,包含,当一封希望应聘VB工程师的电子求职信(包括电子简历与希望应聘的职位)进入公共邮箱时
目标工作,任务,包含,对目标工作包含的任务和要求进行分析和描述。
目标管理,目标成果的考核,包含,目标管理包括了目标的制定、目标的实施和目标成果的考核；层次性使得目标管理在目标结构上具有层次性
直接成本,雇员在培训期间的工资,包含,直接成本包括雇员在培训期间的工资和举办培训活动所需要的费用
直线经理的职责,薪酬决定权,包含,直线经理的职责主要有：一是薪酬建议权；二是部分薪酬决定权；三是学习与成长方面
直线经理的职责,薪酬建议权,包含,直线经理的职责主要有：一是薪酬建议权；二是部分薪酬决定权；三是学习与成长方面
相关培训内容,压力管理,包含,相关培训内容包括应对变化、压力管理和自我反省。
研究范围,非劳动力人口,包含,它的研究范围包括16岁以下的非劳动力人口。
社会主流文化,亚文化,包含,亚文化是某一社会主流文化中一个较小的组成部分。
社会交往能力,方面的素质要素,包含,社会交往能力包括以下几个方面的素质要素：
社会保险,养老保险,包含,我国的社会保险包括养老保险、医疗保险、工伤保险、失业保险和生育保险。
社会保险,医疗保险,包含,我国的社会保险包括养老保险、医疗保险、工伤保险、失业保险和生育保险。
社会保险,失业保险,包含,我国的社会保险包括养老保险、医疗保险、工伤保险、失业保险和生育保险。
社会保险,工伤保险,包含,我国的社会保险包括养老保险、医疗保险、工伤保险、失业保险和生育保险。
社会保险,生育保险,包含,我国的社会保险包括养老保险、医疗保险、工伤保险、失业保险和生育保险。
社会保险制度,基本养老保险,包含,社会保险制度包括基本养老保险、基本医疗保险、失业保险、工伤保险和生育保险五个项目
社会保险制度,基本医疗保险,包含,社会保险制度包括基本养老保险、基本医疗保险、失业保险、工伤保险和生育保险五个项目
社会保险制度,失业保险,包含,社会保险制度包括基本养老保险、基本医疗保险、失业保险、工伤保险和生育保险五个项目
社会保险制度,工伤保险,包含,社会保险制度包括基本养老保险、基本医疗保险、失业保险、工伤保险和生育保险五个项目
社会保险制度,生育保险,包含,社会保险制度包括基本养老保险、基本医疗保险、失业保险、工伤保险和生育保险五个项目
社会保障体系,基本社会保障,包含,社会保障体系可以划分为基本社会保障（正式制度安排）和补充社会保障（非正式制度）两个部分。
社会保障体系,基本社会保障制度,包含,社会保障体系通常包括基本社会保障制度与补充社会保障两大类
社会保障体系,工薪劳动者,包含,不仅工薪劳动者纳入了社会保障体系
社会保障体系,已有的社会救助项目,包含,社会保障体系不仅包括各种已有的社会救助项目与社会保险项目
社会保障体系,社会保障,包含,社会保障体系可以划分为基本社会保障（正式制度安排）和补充社会保障（非正式制度）两个部分。
社会保障基金,医疗保险统筹基金,包含,对医疗保险统筹基金纳入单独的社会保障基金财政账户专款专用
社会保障服务网络,州市各级政府社会机构,包含,形成了由国家、州市各级政府社会机构与服务处所构成的社会保障服务网络。
社会保障法的基本内容,社会保障法的调整对象,包含,社会保障法的基本内容包括社会保障法的调整对象、主体与客体等。
社会保障法规,劳动保险条例,包含,这一时期颁布的主要的社会保障法规包括《中华人民共和国劳动保险条例》和一组优待抚恤条例
社会保障的内容,社会保险,包含,社会保障的内容主要包括社会救助、社会保险与社会福利三大部分
社会保障的内容,社会救助,包含,社会保障的内容主要包括社会救助、社会保险与社会福利三大部分
社会制度,多个社会保障子系统,包含,作为一个由多个社会保障子系统或项目构成的基本社会制度
社会救助,最低生活标准,包含,那么科学地确定最低生活标准则构成社会救助的重要环节。
社会救助制度,社会救济,包含,公共救助和社会救济共同构成了社会救助制度。
社会现实,有意义的社会行为,包含,他的主要观点是：社会现实从根本上讲是由人们和他们有意义的社会行为构成的
社会福利的重要内容,儿童福利,包含,各种儿童福利构成了社会福利的重要内容。
社会福利项目的资金来源,政府的财政预算拨款,包含,社会福利项目的资金来源包括各级政府的财政预算拨款
社会管理体系,流入的劳动力,包含,才能使新流入的劳动力尽快被纳入城市社会管理体系
社会经济制度,职业的分工,包含,职业的分工是构成社会经济制度运行的主体
社保体系,参与流动的劳动者,包含,逐步将参与流动的劳动者全部纳入到社保体系中来；二是建立覆盖全国各地和各行业的社会化保障体系
福利,道德伦理的说教,包含,福利往往包含着道德伦理的说教
福利计划,法定福利计划,包含,福利计划包括法定福利计划以及补充福利计划
福利计划,补充福利,包含,福利计划包括法定福利计划以及补充福利计划
科学合理的工作说明书,绩效指标,包含,科学合理的工作说明书必然包含绩效指标一项
科技环境,社会科技水平,包含,社会科技水平是构成科技环境的首要因素
竞争优势,战略,包含,认为战略的构成要素包括产品与市场范围、增长向量、协同效应和竞争优势。
简单的学习过程,组织的大量渐进型创新,包含,简单的学习过程包括组织的大量渐进型创新。
管理制度变革,管理理念,包含,组织管理制度变革包括组织的管理理念与管理方法的改变。
管理技能维度,战略决策能力,包含,管理技能维度由经营监控能力、战略决策能力、激励指挥能力等三个要素构成。
管理技能维度,指挥能力,包含,管理技能维度由经营监控能力、战略决策能力、激励指挥能力等三个要素构成。
管理技能维度,监控能力,包含,管理技能维度由经营监控能力、战略决策能力、激励指挥能力等三个要素构成。
管理流程,企业的人力资源管理流程,包含,管理流程包括企业的人力资源管理流程、财务管理流程等。
管理社会保障的责任主体,机构管理,包含,其管理社会保障的责任主体包括有不同保险机构、基金会或部门所属地方机构管理和实施；除失业保险外
管理素质维度,价值倾向,包含,管理素质维度由价值倾向、责任意识、权力取向等三个要素构成
管理者的能力,学习的能力,包含,一个管理者的能力应该包括四个方面：一是学习的能力
管理能力,方面的素质要素,包含,自我管理能力包括以下几个方面的素质要素：
类员工,解聘员工,包含,其功能主要是管理各类员工(包括在职员工、解聘员工、离退员工及其他类别人员)的人事信息
系统的人力资源管理体系,前文所述的工作分析,包含,和前文所述的工作分析、招聘甄选等共同构成系统的人力资源管理体系。
系统的人力资源管理体系,招聘甄选,包含,和前文所述的工作分析、招聘甄选等共同构成系统的人力资源管理体系。
素质维度,压力的反应能力,包含,素质维度包括对压力的反应能力、智力、身体协调性和服务意识等。
素质维度,服务意识,包含,素质维度包括对压力的反应能力、智力、身体协调性和服务意识等。
组合薪酬制,岗位技能薪酬制,包含,组合薪酬制的两种主要组合形式是岗位技能薪酬制和多元的组合薪酬制。
组成部分,人员分析,包含,这两个基本的组成部分包括判别性的人员分析和诊断性的人员分析[1]。
组织业绩,组织的经营成果,包含,组织业绩包括了一个组织的经营成果——成本（费用）与营收（收入）。
组织人力资源补偿规划的内容,现值补偿规划,包含,组织人力资源补偿规划的内容主要包括现值补偿规划、福利保障补偿规划和期望补偿规划。
组织人力资源补偿规划的内容,福利保障补偿规划,包含,组织人力资源补偿规划的内容主要包括现值补偿规划、福利保障补偿规划和期望补偿规划。
组织形象,物质形象,包含,组织形象是包含着组织精神形象、组织行为形象和组织物质形象的统一体。
组织形象,精神形象,包含,组织形象是包含着组织精神形象、组织行为形象和组织物质形象的统一体。
组织形象,行为形象,包含,组织形象是包含着组织精神形象、组织行为形象和组织物质形象的统一体。
组织成员能力,专业能力,包含,组织成员能力包括两大类:第一类是专业能力
组织承诺,员工心理契约的内容,包含,员工心理契约的内容构成了组织承诺的深层基础
组织文化,共享的价值观,包含,（5）组织文化是由员工共享的价值观、信念、理解与标准等的基本组合。
组织文化,物质要素,包含,组织文化包括物质要素、行为要素和精神要素
组织文化,精神要素,包含,组织文化包括物质要素、行为要素和精神要素
组织文化,行为要素,包含,组织文化包括物质要素、行为要素和精神要素
工作要求,了解当地文化,包含,工作要求的描述项中应该包括了解当地文化一项
国际人力资源管理,人力资源活动,包含,国际人力资源管理是处在人力资源活动、员工类型和企业经营所在国类型这三个维度之中的互动组合。
国际人力资源管理,企业经营,包含,国际人力资源管理是处在人力资源活动、员工类型和企业经营所在国类型这三个维度之中的互动组合。
国际人力资源管理,员工类型,包含,国际人力资源管理是处在人力资源活动、员工类型和企业经营所在国类型这三个维度之中的互动组合。
基本能力,能力,包含,基本能力和综合能力也包括从事多种工作活动的能力
类员工,聘员工,包含,其功能主要是管理各类员工(包括在职员工、解聘员工、离退员工及其他类别人员)的人事信息
系统的人力资源管理体系,前文所述的工作分析,包含,和前文所述的工作分析、招聘甄选等共同构成系统的人力资源管理体系。
系统的人力资源管理体系,招聘甄选,包含,和前文所述的工作分析、招聘甄选等共同构成系统的人力资源管理体系。
系统的人力资源管理体系,招聘甄选,包含,和前文所述的工作分析、招聘甄选等共同构成系统的人力资源管理体系。
素质维度,服务意识,包含,素质维度包括对压力的反应能力、智力、身体协调性和服务意识等。
组合薪酬制,岗位技能薪酬制,包含,组合薪酬制的两种主要组合形式是岗位技能薪酬制和多元的组合薪酬制。
组成部分,人员分析,包含,这两个基本的组成部分包括判别性的人员分析和诊断性的人员分析[1]。
组成部分,工作分析,包含,工作分析不仅仅关注构成整体的各个组成部分
组成部分,诊断性,包含,这两个基本的组成部分包括判别性的人员分析和诊断性的人员分析
组织业绩,组织的经营成果,包含,组织业绩包括了一个组织的经营成果——成本（费用）与营收（收入）。
组织人力资源补偿规划的内容,现值补偿规划,包含,组织人力资源补偿规划的内容主要包括现值补偿规划、福利保障补偿规划和期望补偿规划。
组织人力资源补偿规划的内容,福利保障补偿规划,包含,组织人力资源补偿规划的内容主要包括现值补偿规划、福利保障补偿规划和期望补偿规划。
组织人力资源补偿规划的内容,补偿规划,包含,组织人力资源补偿规划的内容主要包括现值补偿规划、福利保障补偿规划和期望补偿规划。
组织在员工职业生涯中的任务,员工能力,包含,组织在员工职业生涯中的任务应该包含对员工能力、兴趣及职业发展要求和目标的分析与评估
组织形象,物质形象,包含,组织形象是包含着组织精神形象、组织行为形象和组织物质形象的统一体。
组织形象,精神形象,包含,组织形象是包含着组织精神形象、组织行为形象和组织物质形象的统一体。
组织形象,行为形象,包含,组织形象是包含着组织精神形象、组织行为形象和组织物质形象的统一体。
组织成员能力,专业能力,包含,组织成员能力包括两大类:第一类是专业能力
组织承诺,员工心理契约的内容,包含,员工心理契约的内容构成了组织承诺的深层基础
组织文化,共享的价值观,包含,（5）组织文化是由员工共享的价值观、信念、理解与标准等的基本组合。
组织文化,物质要素,包含,组织文化包括物质要素、行为要素和精神要素
组织文化,精神要素,包含,组织文化包括物质要素、行为要素和精神要素
组织文化,行为要素,包含,组织文化包括物质要素、行为要素和精神要素
组织文化的冲突,集成业务文化模式,包含,分销型文化与集成业务文化模式构成了组织文化的冲突
组织文化的基本内容,价值观体系,包含,组织文化的基本内容包括组织的价值观体系、管理理念、职业伦理以及团队意识等要素。
组织文化的基本内容,团队意识,包含,组织文化的基本内容包括组织的价值观体系、管理理念、职业伦理以及团队意识等要素。
组织文化的基本内容,管理理念,包含,组织文化的基本内容包括组织的价值观体系、管理理念、职业伦理以及团队意识等要素。
组织文化的工具,组织的文化维度,包含,11个要素、4个组织的文化维度构成测量我国组织文化的工具
组织环境认知,选企业的内部环境,包含,对组织环境认知具体包括对自己所选企业的内部环境分析和企业所面临的外部环境的分析两部分。
组织的人工成本,人力资本收益,包含,人力资本收益实际上构成了组织的人工成本
组织的文化资本,具有物质性的组织理念,包含,组织的文化资本既包括具有物质性的组织理念、组织精神、组织气氛
组织的文化资本,组织气氛,包含,组织的文化资本既包括具有物质性的组织理念、组织精神、组织气氛
组织的文化资本,组织精神,包含,组织的文化资本既包括具有物质性的组织理念、组织精神、组织气氛
组织管理的范围,员工发展,包含,将员工发展纳入组织管理的范围
组织背景,人际关系,包含,组织背景包括人际关系、群体素质、领导因素、组织状况等。
组织运行,组织结构,包含,职位在整个组织运行中的地位由组织结构和流程所构成的二维坐标系所决定。
经典的组织结构形式,事业部式,包含,5.经典的组织结构形式包括四种类型：职能式、事业部式（区域性、产品性和顾客性）、混合式、矩阵式。
经济全球化,生产要素,包含,经济全球化指商品（包括服务）、信息和生产要素跨国流动
经济学理论,变量,包含,我们依靠经济学理论来决定统计分析中应该包括哪些变量
结构体系的主要内容,职能结构,包含,这个结构体系的主要内容包括：职能结构
结构体系的内容,职能结构,包含,这个结构体系的内容主要包括：·职能结构
结构模型,人格测验,包含,对以无领导小组讨论、文件筐和人格测验构成的一个评价中心的构想效度和结构模型进行了研究。
结构模型,文件筐,包含,对以无领导小组讨论、文件筐和人格测验构成的一个评价中心的构想效度和结构模型进行了研究。
结构模型,无领导小组讨论,包含,对以无领导小组讨论、文件筐和人格测验构成的一个评价中心的构想效度和结构模型进行了研究。
绝对评估法,360度考核法,包含,绝对评估法主要包括自我报告法、业绩评定表法、因素考核法和360度考核法等。
绝对评估法,业绩评定表法,包含,绝对评估法主要包括自我报告法、业绩评定表法、因素考核法。
绝对评估法,因素考核法,包含,绝对评估法主要包括自我报告法、业绩评定表法、因素考核法。
继任计划,员工发展,包含,继任计划最重要的组成部分就是员工发展计划
继任计划的职位,胜任能力的管理职位,包含,继任计划的职位包括需要更高胜任能力的管理职位
绩效合同,员工认可,包含,绩效合同一般包括：工作目的描述、员工认可的工作目标及其衡量标准等。
绩效指标体系,绩效指标,包含,完整意义上的绩效指标体系不仅包括绩效指标
绩效测评,测评指标,包含,把程序测评指标纳入企业绩效测评体系
绩效管理,绩效考核,包含,绩效考核是绩效管理的一个不可或缺的组成部分。
绩效考核,工作行为,包含,绩效考核包括工作结果考核和工作行为评估两个方面。
绩效考核,战略方向,包含,国际人力资源管理中绩效考核的目标包括战略方向和业绩。
绩效考核,组织考核,包含,绩效考核包括组织考核与员工考核
绩效考核,结果考核,包含,绩效考核包括工作结果考核和工作行为评估两个方面。
绩效考核程序,员工,包含,360度绩效考核程序包含直线主管介绍员工岗位职责和员工与其他部门工作的内容、特点、职责、成绩和困难
绩效考核程序,员工岗位职责,包含,360度绩效考核程序包含直线主管介绍员工岗位职责和员工与其他部门工作的内容、特点、职责、成绩和困难
绩效考核程序,职责,包含,360度绩效考核程序包含直线主管介绍员工岗位职责和员工与其他部门工作的内容、特点、职责、成绩和困难
绩效计划,工作计划,包含,绩效计划主要包括工作计划和绩效指标两种形式。
绩效计划,绩效指标,包含,绩效计划主要包括工作计划和绩效指标两种形式。
绩效评价的范畴,个人潜力,包含,将个人潜力和能力也纳入绩效评价的范畴；
绩效评价的范畴,能力,包含,将个人潜力和能力也纳入绩效评价的范畴；
绩效面谈,工作业绩,包含,绩效面谈的内容主要包括工作业绩、行为表现、改进措施和新的目标等四个主要方面。
绩效面谈,改进措施,包含,绩效面谈的内容主要包括工作业绩、行为表现、改进措施和新的目标等四个主要方面。
综合能力,能力,包含,基本能力和综合能力也包括从事多种工作活动的能力
美国戴尔公司的培训内容,企业文化定位,包含,美国戴尔公司的培训内容则包括企业文化定位、技术技能、领导艺术及挖掘员工潜能方面的课程。
美国戴尔公司的培训内容,员工潜能,包含,美国戴尔公司的培训内容则包括企业文化定位、技术技能、领导艺术及挖掘员工潜能方面的课程。
美国戴尔公司的培训内容,技术技能,包含,美国戴尔公司的培训内容则包括企业文化定位、技术技能、领导艺术及挖掘员工潜能方面的课程。
美国戴尔公司的培训内容,领导艺术,包含,美国戴尔公司的培训内容则包括企业文化定位、技术技能、领导艺术及挖掘员工潜能方面的课程。
美国的劳动力范畴,劳动力,包含,美国的劳动力范畴包含以下几个基本概念：劳动力、非劳动力、就业者和失业者。
美国的劳动力范畴,失业者,包含,美国的劳动力范畴包含以下几个基本概念：劳动力、非劳动力、就业者和失业者。
美国的劳动力范畴,非劳动力,包含,美国的劳动力范畴包含以下几个基本概念：劳动力、非劳动力、就业者和失业者。
美国社会保障,社会保险,包含,老（年）残（障）遗（属）社会保险构成美国社会保障开支中的最大项目
美国职业生涯联盟,美国职业生涯信息网,包含,如美国职业生涯联盟（包括美国工作银行、美国学习交换协会、美国职业生涯信息网以及美国服务网）。
群体成员之间的熟悉,团队绩效,包含,近来研究与团队绩效有关的群体构成的另一个方面就是群体成员之间的熟悉度。
老年人福利的必要内容,直接的现金津贴,包含,按照普遍性原则为老年人提供直接的现金津贴就构成了老年人福利的必要内容。
考核量表,个人特征,包含,典型的行为锚定等级考核量表包括7个或8个个人特征
耗散结构系统,外层行为,包含,品德的内部因素与外层行为构成一个耗散结构系统。
职业,国家职业分类,包含,（4）细类（职业）划分的原则；细类是国家职业分类最基本的类别
职业,工作分析法,包含,即职业；一个职业包含一组性质相同、具有通用的职业知识和职业技能的工作；细类的划分一般采用工作分析法
职业,职业名称,包含,每一细类（职业）的内容包括职业编码、职业名称、职业定义、职业描述及归入本职业的工种名称与编码等。
职业,职业定义,包含,每一细类（职业）的内容包括职业编码、职业名称、职业定义、职业描述及归入本职业的工种名称与编码等。
职业,职业描述,包含,每一细类（职业）的内容包括职业编码、职业名称、职业定义、职业描述及归入本职业的工种名称与编码等。
职业,职业编码,包含,每一细类（职业）的内容包括职业编码、职业名称、职业定义、职业描述及归入本职业的工种名称与编码等。
职业,通用的职业知识,包含,即职业；一个职业包含一组性质相同、具有通用的职业知识和职业技能的工作；细类的划分一般采用工作分析法
职业动机,职业洞察力,包含,职业动机包括职业适应性、职业洞察力与职业认同感三个方面。
职业动机,职业适应性,包含,职业动机包括职业适应性、职业洞察力与职业认同感三个方面。
职业匹配的研究,职业选择,包含,人与职业匹配的研究包括职业选择理论
职业发展理论,职业生涯,包含,这一时期的职业发展理论不只是包含职业生涯
职业安全,职业生涯设计,包含,这种“职业安全”不仅包括职业生涯设计
职业开发,个人角度的职业规划,包含,职业开发包含两个过程：个人角度的职业规划和组织角度的职业管理。
职业开发,组织角度的职业管理,包含,职业开发包含两个过程：个人角度的职业规划和组织角度的职业管理。
职业开发,职业管理,包含,职业开发包含两个过程：职业规划和职业管理。
职业开发,职业规划,包含,职业开发包含两个过程：职业规划和职业管理。
职业洞察力,不足的自知能力,包含,职业洞察力包括员工对自己兴趣优势和不足的自知能力
职业特定要求,特定的职业知识,包含,职业特定要求还包括特定的职业知识、技能以及机器、工具和设备
职业生涯,工作相关的个人活动,包含,与工作相关的个人活动及其对这些活动所做出的主观反应都是其职业生涯的组成部分
职业生涯发展,职业生涯阶梯模式,包含,职业生涯发展阶梯包括：职业生涯阶梯模式
职业生涯的定义,易变性职业生涯,包含,现时期关于职业生涯的定义包括易变性职业生涯与多元职业生涯。
职业生涯管理,员工的自我管理,包含,职业生涯管理一般包括两个方面：第一是员工的自我管理
职业生涯规划,生活方式,包含,职业生涯规划本身就包含对生活方式、生活风格的考虑。
职业生涯计划,生涯目标,包含,职业生涯计划一般包括职业、生涯目标和职业生涯通道三个方面的内容
职业生涯计划,职业,包含,职业生涯计划一般包括职业、生涯目标和职业生涯通道三个方面的内容
职业生涯计划,职业生涯手册,包含,最后介绍职业生涯计划工作的开展（包括职业生涯讨论会的举办、职业生涯手册的编制等等）。
职业生涯计划,职业生涯通道,包含,职业生涯计划一般包括职业、生涯目标和职业生涯通道三个方面的内容
职业生涯阶梯,组织内部人员,包含,职业生涯阶梯是决定组织内部人员晋升的不同条件、方式和程序的政策组合。
职业的敏感性,职业弹性,包含,职业的敏感性包括职业弹性、职业洞察力和职业认同感等几个方面。
职业的敏感性,职业洞察力,包含,职业的敏感性包括职业弹性、职业洞察力和职业认同感等几个方面。
职业的敏感性,职业认同感,包含,职业的敏感性包括职业弹性、职业洞察力和职业认同感等几个方面。
职业管理,职业规划,包含,职业管理往往又包括职业规划
职业经理人,人力资本,包含,职业经理人是人力资本的又一个重要构成部分。
职位,基础信息,包含,提供了职位包含的基础信息
职位,战略性任务,包含,职位有三大特征：一是每一个职位都是战略性任务和运作性任务的组合；二是职位在组织中层级越高
职位,运作性任务,包含,职位有三大特征：一是每一个职位都是战略性任务和运作性任务的组合；二是职位在组织中层级越高
职位分析,职位描述,包含,职位分析的最终结果包括两个部分：职位描述和职位规范(任职资格)。
职位分析,职位规范,包含,职位分析的最终结果包括两个部分：职位描述和职位规范(任职资格)。
职位升降,员工行为能力的考核,包含,因此对员工工作绩效的考核以及对员工行为能力的考核就构成了职位升降的客观依据
职位升降,工作绩效的考核,包含,因此对员工工作绩效的考核以及对员工行为能力的考核就构成了职位升降的客观依据
职位等级,职位的价值差异,包含,带宽主要取决于以下几个方面的因素：·职位等级所包含职位的价值差异性：价值差异性越大
职位等级说明,工作的任务,包含,职位等级说明中应包括工作的任务、类型和特点
职位评价,学历,包含,则职位评价中必须包含学历与相关工作经验两项内容。
职位评价,工作经验,包含,若职位评价中包含“学历及工作经验”这一报酬要素
职位评价,评价要素,包含,2.公司职位评价权重结构的设计包含两层含义：总点值的确定和各个评价要素在总点值内部的结构分布。
职务的信息描述,工作条件,包含,对职务的信息描述通常包括工作条件、工具与仪器
职责,社会救助,包含,而提供社会救助则构成了国家和社会的应尽职责和义务。
背景材料,原有的工作说明书,包含,这些背景材料包括企业组织图、岗位配置图、工作流程图以及原有的工作说明书等。
背景材料,工作流程图,包含,这些背景材料包括企业组织图、岗位配置图、工作流程图以及原有的工作说明书等。
背景调查,学历,包含,背景调查通常包括犯罪记录、信用状况、工作经历、学历和从业许可等。
背景调查,工作经历,包含,背景调查通常包括犯罪记录、信用状况、工作经历、学历和从业许可等。
胜任力,价值观,包含,许多学者认为胜任力包括了知识、态度、技能和价值观。
胜任力,抽象的能力,包含,（1）胜任力：包含各种明确的或较为抽象的能力；
胜任力模型,胜任力标准,包含,胜任力标准即可构成一组胜任力模型；为帮助管理者开发他们的员工
胜任力词典的基本内容,胜任力,包含,由这21项胜任力便构成了胜任力词典的基本内容
胜任能力,管理技能,包含,指出管理胜任能力特征由管理素质和管理技能两个维度构成
胜任能力,管理素质,包含,指出管理胜任能力特征由管理素质和管理技能两个维度构成
胜任能力模型,外部专家,包含,较为理想的团队组合是由企业高管、人力资源部以及外部专家共同构成的胜任能力模型设计专家小组。
胜任能力模型,胜任能力,包含,我国通信业管理干部的胜任能力模型包括10项胜任能力
能力,无关的原始能力,包含,能力是由许多彼此无关的原始能力所构成的。
英国失业保险制度类型,强制性失业保险,包含,英国失业保险制度类型是由强制性失业保险和失业救助共同构成的双层次保障制度[9]。
营销部经理的考核,团队建设,包含,对营销部经理的考核中包括了团队建设和客户服务质量考核指标。
营销部经理的考核,客户服务质量考核,包含,对营销部经理的考核中包括了团队建设和客户服务质量考核指标。
薪酬,内在薪酬,包含,并将薪酬划分为外在薪酬和内在薪酬
薪酬,基本工资,包含,其薪酬是基本工资和基于绩效的可变薪酬的组合。
薪酬,外在报酬,包含,所以薪酬应当包括外在报酬与内在报酬两个方面。
薪酬,外在薪酬,包含,并将薪酬划分为外在薪酬和内在薪酬
薪酬等级系数,不规则系数,包含,薪酬等级系数在形式上往往包括累进系数、累退系数、等差系数和不规则系数等四种形式。
薪酬等级系数,等差系数,包含,薪酬等级系数在形式上往往包括累进系数、累退系数、等差系数和不规则系数等四种形式。
薪酬等级系数,累进系数,包含,薪酬等级系数在形式上往往包括累进系数、累退系数、等差系数和不规则系数等四种形式。
薪酬等级系数,累退系数,包含,薪酬等级系数在形式上往往包括累进系数、累退系数、等差系数和不规则系数等四种形式。
薪酬管理体系,奖金,包含,进而影响薪酬战略）；制度层面是薪酬管理体系设计的具体内容（包括薪酬结构、薪酬水平、奖金、福利等
薪酬管理体系,福利,包含,进而影响薪酬战略）；制度层面是薪酬管理体系设计的具体内容（包括薪酬结构、薪酬水平、奖金、福利等
薪酬管理体系,薪酬水平,包含,进而影响薪酬战略）；制度层面是薪酬管理体系设计的具体内容（包括薪酬结构、薪酬水平、奖金、福利等
薪酬管理体系,薪酬结构,包含,进而影响薪酬战略）；制度层面是薪酬管理体系设计的具体内容（包括薪酬结构、薪酬水平、奖金、福利等
薪酬调查,基准职位,包含,薪酬调查仅包括基准职位。
行为导向的维度,例行的巡逻任务,包含,行为导向的维度包括撰写报告、执行例行的巡逻任务、处理公共事务以及参与培训等
行为导向的维度,培训,包含,行为导向的维度包括撰写报告、执行例行的巡逻任务、处理公共事务以及参与培训等
行为导向评估方法,行为观察法,包含,行为导向评估方法主要包括行为锚定法和行为观察法等
行为导向评估方法,行为锚定法,包含,行为导向评估方法主要包括行为锚定法和行为观察法等
行为导向评估法,行为观察法,包含,行为导向评估法主要包括行为锚定法、行为观察法和以特殊事件为基础的绩效考核。
行为导向评估法,行为锚定法,包含,行为导向评估法主要包括行为锚定法、行为观察法和以特殊事件为基础的绩效考核。
行为文化的范畴,制度文化,包含,因此本书中将制度文化也纳入行为文化的范畴。
行为绩效,任务绩效,包含,认为行为绩效包括任务绩效和关系绩效两方面
认可激励,总体报酬,包含,认可激励是总体报酬中的一个构成部分
访谈人员,员工,包含,访谈人员至少应该包括6名员工和2名直线管理者。
访谈人员,直线管理者,包含,访谈人员至少应该包括6名员工和2名直线管理者。
访谈对象,员工代表,包含,访谈对象包括员工代表和直线管理者。
访谈对象,直线管理者,包含,访谈对象包括员工代表和直线管理者。
评价中心的构想效度,人格测验,包含,对以无领导小组讨论、文件筐和人格测验构成的一个评价中心的构想效度和结构模型进行了研究。
评价中心的构想效度,文件筐,包含,对以无领导小组讨论、文件筐和人格测验构成的一个评价中心的构想效度和结构模型进行了研究。
评价中心的构想效度,无领导小组讨论,包含,对以无领导小组讨论、文件筐和人格测验构成的一个评价中心的构想效度和结构模型进行了研究。
评价标准体系内容,整个测评对象,包含,使整个测评对象包含在评价标准体系内容之中。
评估标准,客户满意度,包含,评估标准包括产量、质量、成本、时间和客户满意度。
评估的工作行为变量,工作态度,包含,评估的工作行为变量包括工作态度、工作行为的规范性、操作技能的熟练性、解决问题的能力等。
评估的工作行为变量,工作行为的规范性,包含,评估的工作行为变量包括工作态度、工作行为的规范性、操作技能的熟练性、解决问题的能力等。
评估的工作行为变量,解决问题的能力,包含,评估的工作行为变量包括工作态度、工作行为的规范性、操作技能的熟练性、解决问题的能力等。
试用期,劳动合同期限,包含,《劳动合同法》规定：试用期包含在劳动合同期限内。
调查内容,员工招聘渠道,包含,调查内容包括员工招聘渠道、甄选方案、参与面试部门以及面试类型。
调查内容,就业状况,包含,西方国家的家庭经济情况调查内容包括家庭收入水平、市场物价、购买力的动向、就业状况、消费构成等指标
调查内容,市场物价,包含,西方国家的家庭经济情况调查内容包括家庭收入水平、市场物价、购买力的动向、就业状况、消费构成等指标
调查内容,甄选方案,包含,调查内容包括员工招聘渠道、甄选方案、参与面试部门以及面试类型。
调查反馈,组织成员,包含,调查反馈通常包括以下五个步骤：(1)包括最高管理层在内的所有组织成员
调查对象,不同类型的员工,包含,调查对象包括企业中的人事经理和不同类型的员工。
调查对象,企业中的人事经理,包含,调查对象包括企业中的人事经理和不同类型的员工。
调查问卷,价值观类型,包含,这项调查问卷包括两种价值观类型
跨文化行为培训,人际交往技能,包含,跨文化行为培训的内容主要包括实地体验（或模拟实地体验)和人际交往技能培训。
软性数据,工作习惯,包含,软性数据通常包括以下几个方面：组织氛围、满意度、新技能、工作习惯、发展以及创造性（见表8-8）。
软性数据,组织氛围,包含,软性数据通常包括以下几个方面：组织氛围、满意度、新技能、工作习惯、发展以及创造性（见表8-8）。
通行的工资结构,传统的职位等级结构,包含,在国际上通行的工资结构往往包括传统的职位等级结构和宽带结构。
通行的工资结构,宽带结构,包含,在国际上通行的工资结构往往包括传统的职位等级结构和宽带结构。
采用的模拟情境测试,公文处理,包含,评价中心技术采用的模拟情境测试包括无领导小组讨论、公文处理、演讲、角色扮演等。
采用的模拟情境测试,无领导小组讨论,包含,评价中心技术采用的模拟情境测试包括无领导小组讨论、公文处理、演讲、角色扮演等。
采用的模拟情境测试,角色扮演,包含,评价中心技术采用的模拟情境测试包括无领导小组讨论、公文处理、演讲、角色扮演等。
重要的利益相关者,员工,包含,一家普通子公司重要的利益相关者包括上级公司、客户、员工、社会民众、媒体、税务、财政等方面
重要的利益相关者,社会民众,包含,一家普通子公司重要的利益相关者包括上级公司、客户、员工、社会民众、媒体、税务、财政等方面
量表,生活事件,包含,量表包括43项生活事件
销售培训,经营方针,包含,销售培训的第一期课程包括IBM公司经营方针的很多内容
销售角色,市场营销培训,包含,IBM公司市场营销培训的一个基本组成部分是模拟销售角色。
阶段的绩效目标,经营目标,包含,通过经营检讨确定的下一阶段的经营目标将会纳入下一阶段的绩效目标和计划之中
集体效能感,团队绩效,包含,影响团队绩效的团队整体特征有成员构成、团队目标、团队领导、集体效能感。
集团培训工作,工作会议,包含,作为推进战略执行的重要管理工具；各类工作会议和工作研讨都是集团培训工作的组成部分
面向劳动者的福利,福利范畴,包含,面向劳动者的福利通常划分职业福利或机构福利范畴
面向劳动者的福利,职业福利,包含,面向劳动者的福利通常划分职业福利或机构福利范畴
预测未来劳动力供给时,人力资源,包含,劳动参与率指标在研究和确定一个国家人力资源的规模和构成因素以及预测未来劳动力供给时具有重要作用
预见能力,宏观层面上的预见能力,包含,这种预见能力既包括宏观层面上的预见能力
领导者的专门能力,监控能力,包含,领导者的专门能力主要包括：（1）自我监控能力。
高收入行业,计算机服务业等高科技行业,包含,“尽管目前高收入行业也包括计算机服务业等高科技行业
