劳动者的知识存量,人力资本,未知,人力资本中最重要的组成部分是劳动者的知识存量和技能存量
《劳动合同法》相关条款,工作说明书,未知,本节综合工作说明书构成部分和《劳动合同法》相关条款
分层分类能力模型的开发,界定企业,未知,分层分类能力模型的开发主要包括界定企业各层各类人员所通用的核心能力
O*NET的内容模型,多的量表,未知,另一个质疑是O*NET的内容模型包含过多的量表
人力资源管理系统,人力资源管理措施,未知,需要开展哪些人力资源管理措施；⑦描述了构成人力资源管理系统的内容
人力资源,甄选过程,未知,人力资源获取的一般操作流程主要包括四个环节：定义需求、选择招募途径、实施甄选过程、试用考评。
学历结构,员工,未知,学历结构是指按照不同学历划分的员工构成
变量,学历,未知,协变量包括年龄、性别、学历以及其他与研究相关的人口统计变量。
人员比率,专业人员,未知,人员比率包括管理、文秘、专业人员和从事间接和直接劳动的雇员等的比率
工伤保险基金的其他资金,工伤保险基金的利息,未知,工伤保险基金由用人单位缴纳的工伤保险费、工伤保险基金的利息和依法纳入工伤保险基金的其他资金构成。
个性化的胜任力特征要求,胜任力模型,未知,其个性化的胜任力特征要求则不包含在该胜任力模型中。
基本养老保险,我国的养老保险,未知,我国的养老保险由三个部分组成：第一部分是基本养老保险
劳动者的工资,我国法律规定,未知,由用人单位支付给劳动者的工资；主要包括：(1)履行国家和社会义务期间的工资；我国法律规定
劳动合同,试用期,未知,劳动合同中包含试用期的内容。
实施计划,总任务,未知,实施计划主要包括以下内容：一是将企业总目标、总任务作时间上的分解
人员比率,直接劳动,未知,人员比率包括管理、文秘、专业人员和从事间接和直接劳动的雇员等的比率
培训的成本,受训员,未知,培训的成本包括培训人员和受训员的薪酬、培训部门的管理费和一般管理费等。
导向评估法,为基础的绩效考核,未知,结果导向评估法主要包括：以个人绩效合约为基础的绩效考核、产量衡量法和目标管理法。
保障范围,低保条件,未知,在较短时间内将大量符合城市低保条件的贫困人员纳入了保障范围。
工作职责的定义,职责,未知,工作职责的定义中常常包括这些职责所对应的结果和完成程度的定义
工作小组,人力资源部门的大力支持,未知,共同设计职业管理系统；这个工作小组包括高层经理人员（得到了人力资源部门的大力支持）；另外
技术变革,工作流程,未知,技术变革包括对工作流程、方法以及所用设备的调整。
实施计划,企业总目标,未知,实施计划主要包括以下内容：一是将企业总目标、总任务作时间上的分解
培训的效益,培训工作,未知,培训的效益包括培训工作给企业带来的经济效益和培训的社会效益。
失业保险,奖金,未知,养老保险、医疗保险、失业保险等都是以工资（包括基本工资和各种形式的奖金
外在的环境限制条件,经济问题,未知,外在的环境限制条件包括组织面对的法律、社会、政治、经济问题。
员工,组织员工,未知,协助员工平衡工作与生活)、员工关系管理培训(包括组织员工进行人际交往
工伤保险基金的其他资金,缴纳的工伤保险费,未知,工伤保险基金由用人单位缴纳的工伤保险费、工伤保险基金的利息和依法纳入工伤保险基金的其他资金构成。
劳动力资源,劳动年龄,未知,劳动力资源不包括在押犯人、在劳动年龄内丧失劳动能力的人员
心理学研究,能力,未知,能力构成因素的研究是心理学研究的重要问题
工作标准,行为指标,未知,行为指标由与纳入考评的改进KPI指标密切相关的一组或若干组行为要项及工作标准组成
奖金,佣金,未知,混合计划（基薪+奖金+佣金）就是指构成成分包括了基本薪、奖金和佣金三者的支付计划。
主管人事政策手册,一线管理人员,未知,《花旗银行主管人事政策手册》中包含了大约50项对一线管理人员提出具体要求的人事政策。
基本能力,能力,未知,基本能力和综合能力也包括从事多种工作活动的能力
任务清单,分析者,未知,任务清单中还应包含有关分析者的任职资格信息
工作职位,任务,未知,“装载”是指将某种任务和要求纳入工作职位的结构中。
工资结构,职位等级,未知,工资结构包括针对每一职位或者职位等级的工资范围
军人的福利事业,收养事业等内容,未知,面向军人的福利事业包括军人休养事业、疗养事业、精神病收养事业、孤老收养事业等内容。
企业价值,货币资本等同的要素,未知,其根本理念是经营层将人力资本作为一种与货币资本等同的要素纳入企业价值的范畴
企业社会责任的内容,企业文化,未知,企业文化的构成内容本身还包括了企业社会责任的内容
培训评估所,软性数据,未知,通常培训评估所需要的数据包括硬性数据和软性数据。
企业层次的培训,新员工,未知,1.企业层次的培训：包括新员工进入角色培训和企业文化培训两个层次
到绩效管理的范畴,企业绩效,未知,为改善企业绩效而进行的管理活动都可以纳入到绩效管理的范畴之内。
市场,总体计划,未知,组织年度总体计划中各组成部分(生产、市场、人力资源、财务、研发等)是完全兼容的
劳动力组织,决策过程,未知,包括劳动力组织与划分和动态环境相互作用及更为复杂的决策过程。
信息类,分配者,未知,信息类包括发言人、联系人和监控者；决策类包括领导者、企业家、分配者。
团队领导,团队绩效,未知,影响团队绩效的团队整体特征有成员构成、团队目标、团队领导、集体效能感。
周边绩效,员工的工作说明书,未知,周边绩效不包含在员工的工作说明书中
招聘成本,适应性培训,未知,招聘成本包括在招募和录取过程中招募、选拔、录用、安置以及适应性培训的成本。
劳动者的工资,社会义务,未知,由用人单位支付给劳动者的工资；主要包括：(1)履行国家和社会义务期间的工资；我国法律规定
培训的内容,薪酬,未知,培训的内容应包括公司的保障制度、政策、安全法规、工作时间、薪酬和考核制度等激励机制和压力机制
列出的任务,工作任务,未知,所列出的任务应能覆盖工作所包括的85%以上的工作任务
员工,胜任力标准,未知,胜任力标准即可构成一组胜任力模型；为帮助管理者开发他们的员工
外在薪酬,薪酬的定义,未知,外在薪酬则包括货币奖励和非货币奖励；这种对薪酬的定义
多方法工作设计问卷,动机,未知,他的多方法工作设计问卷中包括了以下四类描述项：机械的、动机的、认知的以及生物的。
战略导向,人力资源开发部门,未知,战略导向包括为人力资源开发部门树立明确的目标
企业家道德价值观,企业家,未知,企业家道德价值观的根本问题包括两个方面：一是企业家个体利益与群体利益的关系问题
处理员工,团队满意度,未知,如何处理员工的关系等；产出因素主要包括效能衡量和团队满意度
团队目标,团队绩效,未知,影响团队绩效的团队整体特征有成员构成、团队目标、团队领导、集体效能感。
事业部式结构的显著特点,组织产出,未知,事业部式结构的显著特点是基于组织产出的组合。
NET系统的职位信息,职位,未知,O*NET系统的职位信息包含了17个类别的职位相关特征(O*NET内容模型)
学科体系,社会保障,未知,[14]尽管一些学科可以将社会保障纳入自己的学科体系
技能清单,组织人员流动频率,未知,其技能清单中要包括所有的员工；而对于那些组织人员流动频率不高
员工专业,人员岗位,未知,4.人员岗位分类专业构成：各类员工专业分布较为分散
工伤保险,整个社会保险制度,未知,（3）工伤保险包括在整个社会保险制度之中。
外部价值观,组织成员,未知,外部价值观包含着组织成员对外部环境的判断和对应该如何处理组织与外部环境的关系的共识。
实现的薪酬总额,执行股票期权的收入,未知,世界500强企业的 CEO实现的薪酬总额（包括执行股票期权的收入）差不多达到了原来的四倍。
劳动力组织,动态环境,未知,包括劳动力组织与划分和动态环境相互作用及更为复杂的决策过程。
劳动者个人,人口年龄,未知,一国的人口规模、人口年龄构成、民族特性和劳动者个人的身体自然条件都是影响劳动供给的重要方面。
周边绩效之分,意志动机等因素,未知,又存在任务绩效和周边绩效之分；任务绩效是指工作的直接结果；周边绩效则包括人际、意志动机等因素
产量曲线,生产要素投入量,未知,等产量曲线是在技术水平不变的条件下生产同一产量的两种生产要素投入量的所有不同组合的轨迹。
人力资源开发人员,任务,未知,这样可以使人力资源开发人员对工作包含的任务和员工实际的工作条件有更清楚的认识。
发放的薪酬,薪酬,未知,②薪酬构成：表明企业发放的薪酬主要包括哪些部分。
占总报酬的比率问题,奖金比率,未知,三者的结构设计可以转换为分析可变部分占总报酬的比率问题（包括了前文提到的佣金提成比率和奖金比率）
人力资源,人力资源管理的基础活动,未知,因此由这些人力资源管理的基础活动所提供的信息就构成了人力资源获取与配置的客观依据和参照系。
固定奖金,薪酬,未知,现金薪酬的主要构成为基本工资、固定奖金、浮动薪酬以及现金津贴。
外部价值观,处理组织,未知,外部价值观包含着组织成员对外部环境的判断和对应该如何处理组织与外部环境的关系的共识。
保障行政管理的内容,具体的社会保障政策,未知,社会保障行政管理的内容包括依法制定更为具体的社会保障政策及运行规范
公司治理,员工,未知,公司治理还包括与利益者(如员工、客户、供应商、债权人和社会公众等)之间的关系
培训,工作环境,未知,该模型包括三个部分：一是培训投入（包括被培训者特征、培训设计和工作环境）
培训成果,计算机辅助教学系统,未知,培训成果转化的技术支持系统主要包括电子操作支持系统与计算机辅助教学系统。
公司级关键绩效指标,企业关键绩效指标,未知,企业关键绩效指标由以下几个层级构成：一是公司级关键绩效指标
劳动者个人,国的人口规模,未知,一国的人口规模、人口年龄构成、民族特性和劳动者个人的身体自然条件都是影响劳动供给的重要方面。
分配比例关系,薪酬制度,未知,实施这种薪酬制度必须合理安排五个组成部分之间的分配比例关系。
单独的社会保障,医疗保险统筹基金,未知,对医疗保险统筹基金纳入单独的社会保障基金财政账户专款专用
建立职工名册的对象,建立劳动关系的劳动者,未知,建立职工名册的对象包括与用人单位建立劳动关系的劳动者
中央银行的管理职责,养老基金,未知,如智利养老基金监管局和中央银行的管理职责就包括：规定养老基金管理公司的投资工具及其应占的比例
常见的沟通障碍,沟通渠道,未知,常见的沟通障碍包括沟通渠道不适当
失业保险,基本工资,未知,养老保险、医疗保险、失业保险等都是以工资（包括基本工资和各种形式的奖金
任务清单,职位,未知,(1)确定任职资格要求；由于任务清单包括了某一职位要执行的全部工作任务
分类标准,不同类型的人口年龄,未知,表3-1　不同类型的人口年龄构成分类标准
业绩标准,是员工,未知,业绩标准包括两种信息：一是员工应该做什么
传统的工作分析,专门小组面试,未知,传统的工作分析常用的数据搜集方法包括观察、与在职者或专门小组面试以及问卷调查等。
一定时期的社会平均收入水平,社会救助的标准,未知,它与社会救助的标准构成正比例关系；二是一定时期的社会平均收入水平
养老保险,奖金,未知,养老保险、医疗保险、失业保险等都是以工资（包括基本工资和各种形式的奖金
团队评估,任务绩效等过程,未知,过程咨询旨在帮助部门经理、雇员和团队评估并改进包括沟通、人际关系、决策、任务绩效等过程。
培训的成本,培训人员,未知,培训的成本包括培训人员和受训员的薪酬、培训部门的管理费和一般管理费等。
公司战略,方案,未知,（1）公司战略（Corporate Strategy）：包括产业选择及在产业内的扩张方案的选择；
工作要素,工作任务信息,未知,其工作要素及其下级子要素不包括任何工作任务信息。
员工基本生活,组合薪酬制,未知,组合薪酬制一般由以下几部分构成：●基础薪酬；保障员工基本生活需要的薪酬
多元工作设计问卷,动机,未知,多元工作设计问卷包括四个类型的内容：动机型、机械型、生理型、知觉运动型
培训,培训设计,未知,该模型包括三个部分：一是培训投入（包括被培训者特征、培训设计和工作环境）
所有的员工,强的员工,未知,组织对病假提供慷慨的福利待遇实际上就是在鼓励所有的员工(包括那些满意感很强的员工)去休病假。
医疗保险,奖金,未知,养老保险、医疗保险、失业保险等都是以工资（包括基本工资和各种形式的奖金
企业责任,责任,未知,企业责任包括经济责任、法律责任、道德责任和自愿决定（慈善)责任
养老保险,基本工资,未知,养老保险、医疗保险、失业保险等都是以工资（包括基本工资和各种形式的奖金
变量,相关的人口统计变量,未知,协变量包括年龄、性别、学历以及其他与研究相关的人口统计变量。
企业发展,员工福利成本问题,未知,员工福利成本问题就构成了企业发展中的一个必须正视的问题
工作任务,组成部分,未知,米勒（Miller）将工作任务都分解成了三个组成部分。
工资结构,职位,未知,工资结构包括针对每一职位或者职位等级的工资范围
工作时间,劳动者实际,未知,工作时间既包括劳动者实际完成工作的时间
奖金,奖金支付,未知,可以从两个角度来关注奖金支付的相对量安排问题：一是奖金的内部构成分析；二是奖金的外部比较分析。
团队评估,人际关系,未知,过程咨询旨在帮助部门经理、雇员和团队评估并改进包括沟通、人际关系、决策、任务绩效等过程。
占总报酬的比率问题,提到的佣金提成比率,未知,三者的结构设计可以转换为分析可变部分占总报酬的比率问题（包括了前文提到的佣金提成比率和奖金比率）
培训,派往海外工作,未知,外资公司的人员发展计划主要包括以下几种：培训、轮岗（包括派往海外工作）、专人指导
保障性薪酬,薪酬结构,未知,薪酬结构由两部分构成：一块是保障性薪酬
人力资源,总体计划,未知,组织年度总体计划中各组成部分(生产、市场、人力资源、财务、研发等)是完全兼容的
定量测评,测评主体,未知,有定性测评与定量测评以及包括模糊综合测评在内的中性测评；按测评主体来划分
基础薪酬,组合薪酬制,未知,组合薪酬制一般由以下几部分构成：●基础薪酬；保障员工基本生活需要的薪酬
劳务关系,员工,未知,派遣员工与实际用工单位则构成劳务关系。
军人保障,稳定社会,未知,而军人保障的目标则包括着稳定军心和稳定社会的双重目标
承担的责任,工作时间,未知,他们承担的责任包括控制工作节奏、决定工作任务的分配、安排工作时间等。
工作分析,任职人员,未知,工作分析包括两个方面的内容：确定工作的具体特征；找出工作对任职人员的各种要求。
序列的专业胜任能力,市场信息,未知,该序列的专业胜任能力则包括市场信息分析能力、产品知识技术能力、客户关系管理能力、销售业务管理能力等
基本工资,薪酬,未知,现金薪酬的主要构成为基本工资、固定奖金、浮动薪酬以及现金津贴。
员工,工作分析的目的,未知,需要传递给员工的基本信息包括：工作分析的目的、时间规划以及数据搜集过程的注意事项等。
信息类,企业家,未知,信息类包括发言人、联系人和监控者；决策类包括领导者、企业家、分配者。
任职资格要求,职位,未知,(1)确定任职资格要求；由于任务清单包括了某一职位要执行的全部工作任务
基本能力,综合能力,未知,分别是基本能力和综合能力、知识以及教育；O*NET包括59个基本能力和综合能力的要素
动机,工作要素,未知,动机型所包含的工作要素内容见表11-5。
人力资源项目,人力资源项目中的事务,未知,对于人力资源项目中的事务就直接纳入人力资源项目审计中去。
培训,员工,未知,培训主要包括向员工传授完成当前的某项任务或工作所需的知识和技能
同一套指标内容,指标内容,未知,对同一套指标内容与该目标下应包括的指标内容间的符合程度也会有不同的判断。
员工发展,继任计划,未知,继任计划最重要的组成部分就是员工发展计划
任务绩效,意志动机等因素,未知,又存在任务绩效和周边绩效之分；任务绩效是指工作的直接结果；周边绩效则包括人际、意志动机等因素
员工,数据搜集,未知,需要传递给员工的基本信息包括：工作分析的目的、时间规划以及数据搜集过程的注意事项等。
反思式,学习效率,未知,反思式学习包括有意识地学习、怎样学习以及努力寻找提高单向式和双向式学习效率的途径。
个人的专业化,任务,未知,追求个人的专业化；而现在更多的是围绕一项目标或任务进行人才的组合
医疗保险,基本工资,未知,养老保险、医疗保险、失业保险等都是以工资（包括基本工资和各种形式的奖金
市场范围,战略,未知,战略应当包括四个基本的构成要素：（1）产品与市场范围
员工,研究薪酬,未知,因此研究薪酬激励的构成因素以及怎样对员工进行有效的激励对于一个企业来说是十分重要的。
人力资源开发人员,员工实际的工作条件,未知,这样可以使人力资源开发人员对工作包含的任务和员工实际的工作条件有更清楚的认识。
国家经济政策,经济环境,未知,经济环境是指构成企业生存和发展的社会经济状况和国家经济政策。
价值观,组织文化,未知,“组织文化给考虑决策道德方面的管理者所提供的支持取决于构成文化的共有价值观”
序列的专业胜任能力,管理能力,未知,该序列的专业胜任能力则包括市场信息分析能力、产品知识技术能力、客户关系管理能力、销售业务管理能力等
二级营销部总经理的报酬,提取的业务费用,未知,一级、二级营销部总经理的报酬由两部分组成：第一部分是工资；第二部分是按一定费率提取的业务费用。
预测未来劳动力供给时,人力资源,未知,劳动参与率指标在研究和确定一个国家人力资源的规模和构成因素以及预测未来劳动力供给时具有重要作用
预测未来劳动力供给时,劳动参与率指标,未知,劳动参与率指标在研究和确定一个国家人力资源的规模和构成因素以及预测未来劳动力供给时具有重要作用
颁布的主要的社会保障,劳动保险条例,未知,这一时期颁布的主要的社会保障法规包括《中华人民共和国劳动保险条例》和一组优待抚恤条例
非劳动力,法定劳动年龄人口,未知,非劳动力既包括未达到法定劳动年龄人口的人
集体效能感,团队绩效,未知,影响团队绩效的团队整体特征有成员构成、团队目标、团队领导、集体效能感。
阶段的绩效目标,经营目标,未知,通过经营检讨确定的下一阶段的经营目标将会纳入下一阶段的绩效目标和计划之中
销售培训,经营方针,未知,销售培训的第一期课程包括IBM公司经营方针的很多内容
销售角色,市场营销培训,未知,IBM公司市场营销培训的一个基本组成部分是模拟销售角色。
造成的经济成本,劳动力人口,未知,人们认为失业率夸大失业造成的经济成本的第二个来源是劳动力人口统计构成的变化。
退休,丧失劳动能力,未知,第三十条　股票期权持有人因退休（包括病退）、工（公）伤事故丧失劳动能力而离职的
过程咨询,人际关系,未知,过程咨询旨在帮助部门经理、雇员和团队评估并改进包括沟通、人际关系、决策、任务绩效等过程。
过程咨询,任务绩效等过程,未知,过程咨询旨在帮助部门经理、雇员和团队评估并改进包括沟通、人际关系、决策、任务绩效等过程。
过程变量,团队成员,未知,过程变量包括团队成员间的相互作用和环境的影响因素
跨文化管理,战略,未知,跨文化管理实际上是组织文化在不同的民族文化层面中进行的组织、战略、人员的组合
资本市场的发展,基本养老保险,未知,资本市场的发展又会为包括基本养老保险在内的养老保险资金运用提供广阔空间
负有的责任,医疗保险,未知,政府负有的责任包括：①推动医疗保险立法
调查问卷,价值观类型,未知,这项调查问卷包括两种价值观类型
调查内容,职位,未知,调查内容取决于调查目的和调查中所包括的职位。
调查内容,家庭收入水平,未知,西方国家的家庭经济情况调查内容包括家庭收入水平、市场物价、购买力的动向、就业状况、消费构成等指标
调查内容,就业状况,未知,西方国家的家庭经济情况调查内容包括家庭收入水平、市场物价、购买力的动向、就业状况、消费构成等指标
调查内容,市场物价,未知,西方国家的家庭经济情况调查内容包括家庭收入水平、市场物价、购买力的动向、就业状况、消费构成等指标
该职位,能力,未知,该报告还反映该职位对MPDQ问卷所包含的31项知识、技术和能力（KSAs）的需求程度。
计点法,四个维度,未知,即大部分计点法所包含的要素都可以概括为四个维度
行为导向的维度,培训,未知,行为导向的维度包括撰写报告、执行例行的巡逻任务、处理公共事务以及参与培训等
薪酬的所有形式,薪酬调查,未知,要把薪酬的所有形式都包括在薪酬调查之内是相当困难的。
薪酬理念,人力资源管理体系,未知,确定人力资源管理体系中最重要的组成部分——薪酬理念和策略。
薪酬,奖金体系的设计,未知,二、奖金体系的设计奖金是薪酬中十分重要的组成部分
薪酬,基于绩效,未知,其薪酬是基本工资和基于绩效的可变薪酬的组合。
能力,市场营销人员,未知,市场营销人员可以根据构成这些能力的因素及自身的经验来评价在这些方面的长处和短处。
胜任力词典的基本内容,胜任力,未知,由这21项胜任力便构成了胜任力词典的基本内容
胜任力模型,特定的工作岗位,未知,胜任力模型是指组织当中特定的工作岗位所要求的与高绩效相关的一系列素质或素质组合
背景材料,岗位,未知,这些背景材料包括企业组织图、岗位配置图、工作流程图以及原有的工作说明书等。
职责很大一部分,合作伙伴,未知,他们的职责很大一部分还包括对与各种渠道合作伙伴之间关系的维护和管理
职责,社会救助,未知,而提供社会救助则构成了国家和社会的应尽职责和义务。
职务分析,情景因素,未知,职务分析问卷包括以工作的背景或情景因素为特征的工作要素
职位评价,评价要素,未知,2.公司职位评价权重结构的设计包含两层含义：总点值的确定和各个评价要素在总点值内部的结构分布。
职位评价,报酬要素,未知,若职位评价中包含“学历及工作经验”这一报酬要素
职位等级,职位的绩,未知,带宽也就越大；·职位等级所包含职位的绩效变动幅度：如果绩效变动幅度较大
职位分析,明确职务内容,未知,职位分析的目的主要有：·明确职务内容
职位,基础信息,未知,提供了职位包含的基础信息
职业管理,人力资源部门的大力支持,未知,共同设计职业管理系统；这个工作小组包括高层经理人员（得到了人力资源部门的大力支持）；另外
职业生涯计划,职业生涯手册,未知,最后介绍职业生涯计划工作的开展（包括职业生涯讨论会的举办、职业生涯手册的编制等等）。
职业生涯计划,职业生涯讨论会,未知,最后介绍职业生涯计划工作的开展（包括职业生涯讨论会的举办、职业生涯手册的编制等等）。
职业生涯规划,生活方式,未知,职业生涯规划本身就包含对生活方式、生活风格的考虑。
职业生涯管理,职业生涯规划,未知,虽然职业生涯管理包括了组织帮助个人设计和实施职业生涯规划的活动
职业洞察力,员工,未知,职业洞察力包括员工对自己兴趣优势和不足的自知能力
职业洞察力,不足的自知能力,未知,职业洞察力包括员工对自己兴趣优势和不足的自知能力
职业,职业技能,未知,即职业；一个职业包含一组性质相同、具有通用的职业知识和职业技能的工作；细类的划分一般采用工作分析法
职业,通用的职业知识,未知,即职业；一个职业包含一组性质相同、具有通用的职业知识和职业技能的工作；细类的划分一般采用工作分析法
职业,国家职业分类,未知,（4）细类（职业）划分的原则；细类是国家职业分类最基本的类别
考核量表,个人特征,未知,典型的行为锚定等级考核量表包括7个或8个个人特征
美国社会保障,社会保险,未知,老（年）残（障）遗（属）社会保险构成美国社会保障开支中的最大项目
美国戴尔公司的培训内容,员工潜能,未知,美国戴尔公司的培训内容则包括企业文化定位、技术技能、领导艺术及挖掘员工潜能方面的课程。
综合能力,能力,未知,基本能力和综合能力也包括从事多种工作活动的能力
综合能力,基本能力,未知,分别是基本能力和综合能力、知识以及教育；O*NET包括59个基本能力和综合能力的要素
绩效评价困境,任职条件,未知,绩效评价困境实际上包含着两个方面：一是没有通过职位分析和职位评价确定职位职责和任职条件
绩效评价困境,职位分析,未知,绩效评价困境实际上包含着两个方面：一是没有通过职位分析和职位评价确定职位职责和任职条件
绩效评价困境,职位评价,未知,绩效评价困境实际上包含着两个方面：一是没有通过职位分析和职位评价确定职位职责和任职条件
绩效考核程序,员工,未知,360度绩效考核程序包含直线主管介绍员工岗位职责和员工与其他部门工作的内容、特点、职责、成绩和困难
绩效考核程序,员工岗位职责,未知,360度绩效考核程序包含直线主管介绍员工岗位职责和员工与其他部门工作的内容、特点、职责、成绩和困难
绩效考核程序,职责,未知,360度绩效考核程序包含直线主管介绍员工岗位职责和员工与其他部门工作的内容、特点、职责、成绩和困难
绩效考核,战略方向,未知,国际人力资源管理中绩效考核的目标包括战略方向和业绩。
绩效管理,绩效计划,未知,绩效管理主要包括以下几个环节：表达组织期望和制定绩效计划
绩效管理,组织期望,未知,绩效管理主要包括以下几个环节：表达组织期望和制定绩效计划
绩效合同,员工认可,未知,绩效合同一般包括：工作目的描述、员工认可的工作目标及其衡量标准等。
继任计划的职位,胜任能力的管理职位,未知,继任计划的职位包括需要更高胜任能力的管理职位
统一的薪酬体系,薪酬,未知,这些薪酬的组成部分很难纳入统一的薪酬体系当中。
结构模型,人格测验,未知,对以无领导小组讨论、文件筐和人格测验构成的一个评价中心的构想效度和结构模型进行了研究。
结构模型,文件筐,未知,对以无领导小组讨论、文件筐和人格测验构成的一个评价中心的构想效度和结构模型进行了研究。
经济学理论,变量,未知,我们依靠经济学理论来决定统计分析中应该包括哪些变量
经济全球化,生产要素,未知,经济全球化指商品（包括服务）、信息和生产要素跨国流动
组织运行,组织结构,未知,职位在整个组织运行中的地位由组织结构和流程所构成的二维坐标系所决定。
组织核心竞争力的源泉,智力资本,未知,拥有和创造知识与智力资本的人是构成组织核心竞争力的源泉
组织文化的工具,组织的文化维度,未知,11个要素、4个组织的文化维度构成测量我国组织文化的工具
组织文化,共享的价值观,未知,（5）组织文化是由员工共享的价值观、信念、理解与标准等的基本组合。
组织承诺,员工心理契约的内容,未知,员工心理契约的内容构成了组织承诺的深层基础
组织形象,物质形象,未知,组织形象是包含着组织精神形象、组织行为形象和组织物质形象的统一体。
组织学习,个人学习,未知,组织学习是一种包括了一系列不同于个人学习的活动。
组织在员工职业生涯中的任务,员工能力,未知,组织在员工职业生涯中的任务应该包含对员工能力、兴趣及职业发展要求和目标的分析与评估
组织在员工职业生涯中的任务,职业发展,未知,组织在员工职业生涯中的任务应该包含对员工能力、兴趣及职业发展要求和目标的分析与评估
组成部分,诊断性,未知,这两个基本的组成部分包括判别性的人员分析和诊断性的人员分析[1]。
组成部分,工作分析,未知,工作分析不仅仅关注构成整体的各个组成部分
组合计划,人员薪酬,未知,2.销售人员薪酬的一般构成及其组合计划
组成部分,人员分析,未知,这两个基本的组成部分包括判别性的人员分析和诊断性的人员分析[1]。
组成部分,在岗职工,未知,即不在岗职工构成了失业率计算公式中分母的组成部分
类员工,人事信息,未知,其功能主要是管理各类员工(包括在职员工、解聘员工、离退员工及其他类别人员)的人事信息
类员工,员工,未知,其功能主要是管理各类员工(包括在职员工、解聘员工、离退员工及其他类别人员)的人事信息
类员工,在职员工,未知,其功能主要是管理各类员工(包括在职员工、解聘员工、离退员工及其他类别人员)的人事信息
类员工,聘员工,未知,其功能主要是管理各类员工(包括在职员工、解聘员工、离退员工及其他类别人员)的人事信息
管理能力,方面的素质要素,未知,自我管理能力包括以下几个方面的素质要素：
管理类专业员工,人员专业分类学历,未知,3.人员专业分类学历构成：会计金融与经济管理类专业员工10人中
管理社会保障的责任主体,失业保险,未知,其管理社会保障的责任主体包括有不同保险机构、基金会或部门所属地方机构管理和实施；除失业保险外
管理培训,组织员工,未知,协助员工平衡工作与生活)、员工关系管理培训(包括组织员工进行人际交往
管理制度变革,管理理念,未知,组织管理制度变革包括组织的管理理念与管理方法的改变。
等级说明,工作中的典型决策水平,未知,（36）S决策（通过选择等级说明包含在工作中的典型决策水平
竞争优势的核心技能,核心竞争力的思想,未知,核心竞争力的思想关注那些构成企业(非个人)竞争优势的核心技能
竞争优势,战略,未知,认为战略的构成要素包括产品与市场范围、增长向量、协同效应和竞争优势。
福利,薪酬,未知,作为薪酬组成部分的福利在中国显得格外重要。
社保体系,参与流动的劳动者,未知,逐步将参与流动的劳动者全部纳入到社保体系中来；二是建立覆盖全国各地和各行业的社会化保障体系
社会经济状况,经济环境,未知,经济环境是指构成企业生存和发展的社会经济状况和国家经济政策。
社会管理体系,流入的劳动力,未知,才能使新流入的劳动力尽快被纳入城市社会管理体系
社会福利范围,职业,未知,不论其地位、职业、贫富等均被强制性地纳入社会福利范围
社会福利的项目,全社会成员,未知,社会福利的项目包括全社会成员享受的公共福利事业
社会福利,社会保障体系,未知,构成社会保障体系重要组成部分的社会福利与社会服务
社会成员,缴费义务,未知,履行缴费义务构成社会成员获得医疗保障权利的前提条件。
社会成员,劳动过程,未知,由于社会成员包括劳动者在社会生活以及劳动过程中
社会保障系统,军人保障,未知,军人保障构成了一个既相对独立、又与其他社会保障系统相联系的子系统
社会保障法律体系,社会保障,未知,社会保障法律体系包括社会保障专业法律体系和社会保障相关法律体系。
社会保障体系,社会保障,未知,社会保障体系可以划分为基本社会保障（正式制度安排）和补充社会保障（非正式制度）两个部分。
社会保障制度,社会安全,未知,社会保障制度由单一项目的制度安排逐渐发展成为一个包含多个子系统及众多保障项目在内的社会安全体系。
提升其核心能力的轨道,员工,未知,最终组织能够将员工的努力和贡献纳入到帮助企业完成其目标、提升其核心能力的轨道上来。
提取的业务费用,二级营销部总经理的报酬,未知,一级、二级营销部总经理的报酬由两部分组成：第一部分是工资；第二部分是按一定费率提取的业务费用
整个企业的人力资源系统设计,人力资源战略的一个,未知,属于人力资源战略的一个组成部分；即在整个企业的人力资源系统设计中
新员工入职培训,岗位,未知,新员工入职培训的目的包括：向新员工介绍本组织和各岗位的有关信息
新员工入职培训,新员工,未知,新员工入职培训的目的包括：向新员工介绍本组织和各岗位的有关信息
新的《企业文化手册》,员工,未知,新的《企业文化手册》中包含了《企业文化纲领》、《员工日常行为规范》等内容。
无私奉献价值观,消极的价值观,未知,无私奉献价值观；也包括不道德行为所表现出来的错误、庸俗、消极的价值观
普遍保障模式,劳动者,未知,如瑞典就是普遍保障模式；有些国家的养老保险只包括劳动者
智利养老基金监管局,养老基金,未知,如智利养老基金监管局和中央银行的管理职责就包括：规定养老基金管理公司的投资工具及其应占的比例
有效领导能力,方面的素质要素,未知,有效领导能力包括以下几个方面的素质要素：
校园招聘,大的企业组织,未知,如校园招聘中就包含着很大的企业组织宣传自身的成分。
核心要素,胜任力,未知,图5-4展现了胜任力构成的几个核心要素
框架设计的重点,组成部分,未知,如果说框架设计的重点在于把整个企业的经营管理活动分解成各个组成部分
法国失业保险制度规定的享受,退休年龄,未知,法国失业保险制度规定的享受条件包括：非自愿失业、未达到退休年龄
社会交往能力,方面的素质要素,未知,社会交往能力包括以下几个方面的素质要素：
监控者,企业家,未知,信息类包括发言人、联系人和监控者；决策类包括领导者、企业家、分配者。
监控者,分配者,未知,信息类包括发言人、联系人和监控者；决策类包括领导者、企业家、分配者。
测试系统,人格,未知,该测试系统包括人格、心理运动以及诸如航空知识、操作等能力因素的测量与评价
激励功能,组织行为主体,未知,企业文化对组织行为主体所产生的激发、动员、鼓舞、推进的作用就构成了它的激励功能。
监控机制,组织创新,未知,这种监控机制包括对企业技术创新和组织创新的各类动力源和信息源的监控。
生产的等产量曲线,家庭商品,未知,家庭生产的等产量曲线就是指在生产同样家庭商品产量的家庭生产时间和购买物品的不同要素组合的轨迹。
现金津贴,薪酬,未知,现金薪酬的主要构成为基本工资、固定奖金、浮动薪酬以及现金津贴。
环境探索,职业生涯决定,未知,环境探索还包括了解家庭对职业生涯决定的影响。
特定的职位等级,责任,未知,某一特定的职位等级中所包含的各种工作职位应遵循这样的原则：它们的工作任务、义务和责任大体相当
物理环境变革,工作场所的位置,未知,物理环境变革包括对工作场所的位置和布局安排的改变。
A咨询公司,目标岗位,未知,A咨询公司为依据目标岗位对报名的竞聘者进行了胜任力的排序和分析
个人的职业,个人的职业开发,未知,组织的存在和发展依赖于个人的职业工作、依赖于个人的职业开发与发展。
企业战略的制定,企业内部的技术能力,未知,企业战略的制定和实施依赖于企业现有的资源水平及体现在企业内部的技术能力和管理能力。
企业战略的制定,管理能力,未知,企业战略的制定和实施依赖于企业现有的资源水平及体现在企业内部的技术能力和管理能力。
企业薪酬体系设计,企业的薪酬理念,未知,并据此确立企业的薪酬理念；薪酬理念是企业薪酬体系设计的依据
传统方案,工作时间,未知,这类薪酬形式与传统方案的区别是：前者的工资不仅仅取决于工作时间或资历
公司战略,组织的未来发展方向,未知,公司战略就是依据组织所拥有的资源勾画出组织的未来发展方向
劳动力,收入要求,未知,劳动力参与的水平和方式取决于就业机会的多少和收入要求
劳动合同,工作职责描述,未知,工作职责描述是不能胜任工作而解除劳动合同的唯一依据和基础。
劳动数量,产品市场,未知,劳动数量直接取决于产品市场所需要的产出量。
员工,工作态度,未知,员工可以依据工作业绩和工作态度分为以下四种类型。
员工,自动离职,未知,自动离职是员工依据个人意愿所做的离职
命题人员,考试大纲,未知,命题人员必须明确试题编写的依据是根据考试大纲制定的双向细目表或试卷编制蓝图。
培训与开发系统,企业发展战略,未知,一、企业培训与开发系统设计的出发点1.依据企业发展战略确定培训开发策略
基于能力,核心能力,未知,基于能力的规划模式以及依据核心能力挑选员工
奖励,等级关系,未知,共享奖励；他们看重的是群体的和谐、统一和忠诚；英国人和法国人则遵循另一个取向：他们依赖于等级关系
审计的主要任务,特定的人力资源制度,未知,人力资源制度合理性审计的主要任务就是依据这些标准去对特定的人力资源制度进行审计分析
进行职位等级的划分,任务,未知,我们根据以下步骤进行职位等级的划分：·依据完成任务所必需的决策的种类和水平对各项工作进行分类
计算方法,赛季的收入,未知,它的计算方法首先是在每年6月依据近几年篮球事业收入（BRI）预测下一赛季的收入
薪酬的确定,一岗数薪制,未知,薪酬的确定同样是依据岗位要求而定的；实行一岗数薪制
营销总监,信托营销总部,未知,营销总监进行年终考评时参考的客观依据由信托营销总部有关职能部门提供。
职务,绩效考核结果,未知,这种职务调整在很大程度上是以绩效考核结果为依据的。
职业分层,不同的职业,未知,这是职业分层的依据；如果只是笼统地宣讲不同的职业是社会分工的需要
结构性分析法,分析对象,未知,有结构性分析法和非结构性分析法；依据分析对象的不同划分
社会化过程的阶段模型,结果划分,未知,社会化过程的阶段模型一般是依据心理学的研究结果划分的。
平衡计分卡,～20个绩效指标,未知,平衡计分卡的成功取决于它的简洁性：只要15～20个绩效指标就行了。
是员工,企业的战略目标,未知,它大致的理念是员工依据企业的战略目标对自己的年度业绩目标作出承诺
绩效管理,员工,未知,绩效管理是依据员工和他们的直接主管之间达成的协议
职位层级,基本工资的比重,未知,可以发现职位层级越高，基本工资的比重越低，变动部分的比重越高。
承担的战略责任,战略因素,未知,一般来说，组织中层级越高的人员，其承担的战略责任就越大，其报酬包中与战略因素相挂钩的比重就越高。
承担的战略责任,报酬包,未知,一般来说，组织中层级越高的人员，其承担的战略责任就越大，其报酬包中与战略因素相挂钩的比重就越高。
劳动需求,市场,未知,经济增长快速发展时，资本投资需求增大，从而导致对劳动需求增加，市场运行的结果会导致劳动供给增加。
高级行政官员,当前政策问题,未知,（4）通过政府高级行政官员之间的交流与研讨，促进学员加深对当前政策问题及其难点的认识。
部门全体员工,基层员工,未知,每季度举办一次部门全体员工参加的聚餐例会，以促进基层员工与领导层之间的沟通与交流。
进行中的评价中心,评价员差别的控制,未知,这些现象启示我们，应对进行中的评价中心测评实行质量监控，加强对评价员差别的控制与调整。
资本市场,劳资关系,未知,（2）促进资本市场和劳动力市场的完善，有利于改善劳资关系。
薪酬体系的个性化,薪酬体系,未知,其优点是可以实现薪酬体系的个性化，增强精确性；保证薪酬体系具备外部竞争力。
考核结果的可信度,考核者的培训,未知,要保持考核结果的可信度和效能，就必须加强对考核者的培训。
绩效考核结果,工作成效,未知,绩效考核结果反馈给员工后，有利于他们认识自己的工作成效，发现自己工作过程中的短板所在。
绩效管理,员工,未知,绩效管理是管理者和员工双方就目标及如何达到目标而达成共识，并促进员工成功地达到目标的管理方法。
经济增长,市场,未知,经济增长快速发展时，资本投资需求增大，从而导致对劳动需求增加，市场运行的结果会导致劳动供给增加。
组织文化的变革,连续的文化过程,未知,组织文化的变革和创新实际上就是一个增强文化动力、克服阻力的连续的文化过程。
组织文化变革的本质特征,组织文化的进步,未知,因此，正确认识组织文化变革的本质特征，对于促进组织文化的进步具有重要意义。
生活方式,行政官员,未知,（8）通过个人保健、生活方式、财务状况评价促进行政官员为承担领导职责做好准备。
测评与选拔标准体系,测评与选拔主体,未知,测评与选拔标准体系的建立还有利于测评与选拔主体深化对于人员和工作的认识。
日本的失业保险金,连续就业保险金,未知,按照支付的目的和性质，日本的失业保险金可分为求职者保险金、促进就业保险金和连续就业保险金三类。
无过失补偿原则的确立,劳动者,未知,无过失补偿原则的确立，有利于劳动者在工伤发生后能够得到及时的治疗和经济补偿。
新老员工座谈会,老员工,未知,每季度举办一次新老员工座谈会，增强了部门间的横向交流，增加了新员工向老员工学习的机会。
新的改革措施,员工,未知,这种新的改革措施通过降低工作资历的重要性，奖励成绩优异者，加强同级间的工作变动等办法鼓励员工。
文化积淀,文化转化,未知,1.注重文化积淀，促进文化转化
教育体系,企业职工培训,未知,美国商会是在美国影响很大的协会，这个协会为改进教育体系、促进企业职工培训起了很大作用。
提高生产率,个人工作熟练程度,未知,传统观点认为，分工有利于提高生产率，有利于提高个人工作熟练程度。
提高学员业务能力的同时,反应能力,未知,（5）在提高学员业务能力的同时，也加强了其反应能力和心理素质。
提高员工知识水平的同时,员工之间的交流,未知,开展读书活动在提高员工知识水平的同时，还有利于加强员工之间的交流合作。
战略目标,管理人才的培养,未知,企业要顺利实现自己的战略目标，就必须加强对管理人才的培养，提高他们的管理水平。
战略决策者,战略创新,未知,而恰恰是不被战略决策者看好的对现实的不满和改进的设想，却往往隐藏着许多有利于战略创新的问题。
我国现阶段劳动合同,劳动者的就业,未知,法律的这些规定主要是为了解决我国现阶段劳动合同短期化的普遍现象，促进劳动者的就业稳定。
巨大的生产力,日本经济的快速发展,未知,日本的“拿来主义”文化，转化成巨大的生产力，促进了日本经济的快速发展。
工作分析,工作分析的发展,未知,第一次世界大战前夕美国在大规模征兵过程中利用工作分析为人员测评选拔服务，也促进了工作分析的发展。
工会力量,员工,未知,随着工会力量的逐步增强，员工开始在合同中要求更多的福利。
就业管理职能,劳动力市场的宏观干预,未知,这一方面表现在劳动部门就业管理职能得到扩大和加强，政府开始对劳动力市场的宏观干预。
失业保险制度,失业保险,未知,可以看出，目前各国失业保险制度中促进就业的规定越来越多，失业保险越来越向就业保险靠拢。
失业保险制度,失业人员,未知,失业保险制度本身具有保障失业人员失业期间的基本生活和促进失业人员再就业两种功能。
外在的动机,自发的动机,未知,如果外在的动机增强，那么自发的动机就会受到抑制。
基本薪酬,企业的经营目标,未知,前两个目标主要依靠基本薪酬实现，而奖金计划更有利于帮助完成企业的经营目标。
培训部门,培训部门人员的培训,未知,4.提升企业内培训部门人员的素质，加强对培训部门人员的培训。
培训部门,培训人员,未知,外包的概念以及具体的流程，培训部门在未来将加强开发同外部培训人员和其他供应商的合作伙伴关系。
培训教师的因素,培训成果,未知,除了培训教师的因素外，员工培训后返回岗位，还需要一个能够促进培训成果转化的环境。
培训,培训和开发实效,未知,第四，要对培训和开发工作加强评估和总结，吸取教训，不断改进，提高培训和开发实效。
培养员工,绩效反馈的有效性,未知,通过运用技术手段，可以培养员工更积极的态度，从而增强绩效反馈的有效性。
国内消费需求,生产和就业规模的扩张,未知,（2）积极扩大国内消费需求，促进生产和就业规模的扩张。
员工的日常工作,员工,未知,能够有效指导员工的日常工作和自学，促进员工不断学习和提高。
员工忠诚度,企业凝聚力,未知,（4）提高员工忠诚度，增强企业凝聚力。
员工升职的机会,员工的激励,未知,这种方式一般用于员工晋升，给员工升职的机会，有利于对员工的激励。
员工个体,员工,未知,2.将员工个体和组织紧密联系起来，促进员工与企业共同成长和发展
员工,员工的自信心,未知,尊重需求是指员工希望自己得到他人的尊重，这将有利于提高员工的自信心，激发出员工的潜能。
受训员工,培训成果,未知,企业可通过在受训员工之间建立联系网络来增强培训成果在工作中的应用。
双重职业通道,市场等领域,未知,双重职业通道有利于激励在工程、技术、财务、市场等领域中有突出贡献的员工。
劳动力市场制度,经济的界限配置劳动力的制度,未知,显然，劳动力市场制度与计划经济制度相比，是一种有利于企业按技术的和经济的界限配置劳动力的制度。
劳动力,高比例的技术雇员的行业,未知,具体来讲，对劳动力派生需求的移动，有利于雇用高比例的技术雇员的行业的劳动力需求水平的上升。
利益考虑,经济关系,未知,（10）来华投资的跨国公司出于其本身利益考虑，愿促进其本国政府改善同中国的政治、经济关系。
养老保险,养老保险制度,未知,理顺管理体制是进一步发展养老保险、促进养老保险制度的统一性的要求。
儿童福利事业,义不容辞的职责,未知,中国政府是很重视儿童福利事业的，它把发展儿童福利、促进儿童健康成长当作义不容辞的职责。
体察受训者的社会需求,很重要的能力,未知,对培训者来说，善于体察受训者的社会需求并能迅速采取措施增强他们的归属感，是一种很重要的能力。
人岗匹配,人的职业适应性,未知,（2）增进人岗匹配，加强人的职业适应性，提高职业活动效率和职业培训的效率。
人力资本的地位,人力资本,未知,实际上标志着人力资本的地位和作用在极大地加强，也就是所谓的对人力资本的权利和地位的激励。
临时员工,培训部门,未知,目前，临时员工日益增多，对产品和服务的需求弹性也得到加强，因此对培训部门提出了挑战。
专业化,经营和生产成本,未知,（4）按产品划分事业部，便于组织专业化生产，形成规模经济，有利于节约经营和生产成本。
个体文化,组织成员,未知,如果个体文化与组织文化之间的一致性较强，则会促进组织成员与组织共同发展。
个体角度,组织员工,未知,3.从个体角度来看,人力资源规划有利于组织员工制定个人发展计划和实现其长期利益
